Date,Actual_Return,Predicted_Return,Regime,Absolute_Error,Squared_Error
2021-09-14,-0.0057798853686329,0.00045762834,Normal,0.006237513707696276,3.890657725369894e-05
2021-09-15,0.0084028908407333,0.00046487505,Normal,0.00793801579340535,6.301209473635277e-05
2021-09-16,-0.0015535508482043003,0.00046906024,Normal,0.00202261108455959,4.09095559938332e-06
2021-09-17,-0.0091947729375081,0.00047376755,Normal,0.009668540485609122,9.348067512186268e-05
2021-09-20,-0.0172713729062565,0.00048801166,Crisis,0.01775938456747498,0.00031539574021546845
2021-09-21,-0.0008130190690007,0.0005049068,Crisis,0.0013179258821491091,1.7369286308385075e-06
2021-09-22,0.0094299828463355,0.0005150587,Normal,0.008914924151462495,7.947587262632928e-05
2021-09-23,0.0119895179901101,0.0005386087,Normal,0.011450909290538758,0.00013112332358014686
2021-09-24,0.0014588781309803,0.0005378006,Normal,0.0009210775283654204,8.483838132597518e-07
2021-09-27,-0.0027841159768219,0.0005194262,Normal,0.0033035421671162254,1.0913390849914967e-05
2021-09-28,-0.0207889176153024,0.00051155756,Normal,0.02130047517757912,0.0004537102427906643
2021-09-29,0.0015667263793028,0.00051660486,Normal,0.0010501215143329504,1.1027551948649288e-06
2021-09-30,-0.0120535560559524,0.00052840577,Normal,0.012581961825680525,0.000158305763382882
2021-10-01,0.0113611689285067,0.00053505274,Normal,0.010826116193148223,0.00011720479182754618
2021-10-04,-0.0131571287067261,0.0005453808,Normal,0.013702509518398758,0.00018775876710180856
2021-10-05,0.0104150916456339,0.00054761424,Normal,0.009867477406011993,9.736711035815716e-05
2021-10-06,0.0040860401062265,0.00055285136,Normal,0.003533188748729225,1.2483422734146786e-05
2021-10-07,0.0082300790235822,0.0005491133,Normal,0.007680965703861127,5.899723414389086e-05
2021-10-08,-0.0019173936272948002,0.000538839,Normal,0.002456232654580376,6.033078853426961e-06
2021-10-11,-0.0069132834148502,0.0005207389,Normal,0.007434022304313446,5.52646876210298e-05
2021-10-12,-0.0024226379053857,0.0004978821,Normal,0.0029205199851844283,8.529436983861654e-06
2021-10-13,0.0030134109832973,0.00047488246,Normal,0.0025385285256591407,6.444127075585171e-06
2021-10-14,0.0167776274624799,0.0004507432,Normal,0.016326884274795336,0.00026656715012255924
2021-10-15,0.007405035560592,0.00044146538,Normal,0.006963570179291923,4.849130964192374e-05
2021-10-18,0.0033634251405997,0.00044133808,Normal,0.002922087059454041,8.538592783028764e-06
2021-10-19,0.0073391452518645,0.00044120318,Normal,0.006897942066973008,4.758160475931585e-05
2021-10-20,0.0036506618163755005,0.0004411283,Bull,0.0032095335156397736,1.0301105388015004e-05
2021-10-21,0.0029869278546058,0.00044113866,Bull,0.0025457891929064305,6.481042614719175e-06
2021-10-22,-0.0010737054401033,0.00044114978,Bull,0.001514855219465904,2.2947863359430925e-06
2021-10-25,0.0047257753536194,0.00044113735,Bull,0.004284638001592401,1.8358122804689723e-05
2021-10-26,0.001816490613755,0.00044111983,Bull,0.001375370782233936,1.8916447886227889e-06
2021-10-27,-0.005077237756588,0.00045269166,Normal,0.005529929416617813,3.058011935277503e-05
2021-10-28,0.0097337612890035,0.00044100825,Normal,0.009292753041568408,8.635525909157889e-05
2021-10-29,0.0019455434341344,0.00044096584,Normal,0.0015045775909802825,2.26375372728003e-06
2021-11-01,0.0017968436550118,0.000440996,Normal,0.0013558476602893294,1.8383228779120488e-06
2021-11-02,0.0036668759059390005,0.0004410224,Normal,0.0032258535140423056,1.040613089405909e-05
2021-11-03,0.0064198432500279,0.00044104588,Normal,0.0059787973713400265,3.574601800754241e-05
2021-11-04,0.004164538601527901,0.0004410636,Normal,0.0037234749986072794,1.386426606525348e-05
2021-11-05,0.003718926258669,0.00044108022,Normal,0.0032778460374611874,1.0744274645300008e-05
2021-11-08,0.0008870005593695999,0.0004410976,Normal,0.0004459029631750048,1.9882945256824967e-07
2021-11-09,-0.0035110675164437,0.00044111305,Normal,0.003952180566772268,1.5619731232372363e-05
2021-11-10,-0.0082941436741087,0.00044112967,Normal,0.008735273342724458,7.630500037211253e-05
2021-11-11,0.0005506367047691,0.00044116256,Normal,0.0001094741488249255,1.1984589260941939e-08
2021-11-12,0.0071709249143191,0.00044116226,Normal,0.00672976264941323,4.5289705317437376e-05
2021-11-15,-1.0739935689904742e-05,0.00044112248,Normal,0.00045186241565954035,2.0417964268567523e-07
2021-11-16,0.0038503569100446994,0.00044107213,Normal,0.003409284779701754,1.1623222709106037e-05
2021-11-17,-0.0026084144399024,0.00044102094,Normal,0.003049435376607572,9.299056116105764e-06
2021-11-18,0.0033733685292163,0.00044097946,Normal,0.0029323890654695288,8.598905631285257e-06
2021-11-19,-0.0014006250224289,0.000440939,Normal,0.0018415640318513364,3.39135808340855e-06
2021-11-22,-0.0032073965182890995,0.0004409098,Normal,0.0036483063074657573,1.331013891309443e-05
2021-11-23,0.0016543921215548,0.00044090254,Normal,0.001213489579231926,1.4725569589044768e-06
2021-11-24,0.0022886029260099,0.00045688325,Normal,0.0018317196741100467,3.355196964521816e-06
2021-11-26,-0.0232553324108601,0.00047169122,Crisis,0.023727023633488678,0.0005629716505041303
2021-11-29,0.0130285941580831,0.0005405265,Crisis,0.012488067632499981,0.0001559518331938937
2021-11-30,-0.0193289882924511,0.000575313,Crisis,0.01990430128780295,0.0003961812097556342
2021-12-01,-0.0119567392174494,0.000646896,Crisis,0.012603635237493041,0.00015885162119977627
2021-12-02,0.0139962325653906,0.00064869144,Crisis,0.013347541130046083,0.00017815685421827186
2021-12-03,-0.0085206530228859,0.0006321551,Crisis,0.009152808127426188,8.377389661747888e-05
2021-12-06,0.0115951153835592,0.0006267518,Crisis,0.010968363579766187,0.00012030499961794131
2021-12-07,0.0202883947687723,0.00054915115,Crisis,0.019739243614071634,0.0003896377384556678
2021-12-08,0.0030758004588297,0.0004312422,Normal,0.002644558263638838,6.993688409780467e-06
2021-12-09,-0.007233084029207801,0.00032443934,Normal,0.007557523373902639,5.7116159547084725e-05
2021-12-10,0.0094588924123335,0.00030743846,Normal,0.009151453953784642,8.374910946824056e-05
2021-12-13,-0.0092205371436121,0.0002899383,Normal,0.009510475439803495,9.044914309110548e-05
2021-12-14,-0.007526979625270399,0.0002914628,Normal,0.007818442438308778,6.112804216114772e-05
2021-12-15,0.0160861880713029,0.00034411732,Normal,0.01574207075372135,0.00024781279161516906
2021-12-16,-0.008820651125881,0.00033030898,Normal,0.009150960101998522,8.37400707883688e-05
2021-12-17,-0.01039480384655,0.00035498454,Normal,0.010749788388904941,0.00011555795040623549
2021-12-20,-0.0115194936519032,0.00041705382,Normal,0.01193654746781193,0.0001424811654513274
2021-12-21,0.0174682924880006,0.0004413438,Normal,0.017026948702504173,0.00028991698211770854
2021-12-22,0.0100777762258472,0.00044132062,Normal,0.009636455606999815,9.286127666567818e-05
2021-12-23,0.0061852445606463,0.000441261,Normal,0.00574398354644369,3.299334698181583e-05
2021-12-27,0.013650458685368502,0.0004411895,Normal,0.013209269179277325,0.00017448479225060586
2021-12-28,-0.0010111764655354,0.0004410713,Normal,0.0014522477518672623,2.1090235328035173e-06
2021-12-29,0.0013999330381741,0.00044100793,Normal,0.0009589251108811422,9.195373682784108e-07
2021-12-30,-0.0029987255284015,0.00044098624,Normal,0.0034397117733407675,1.1831617083659088e-05
2021-12-31,-0.0026330979352099,0.0004410143,Normal,0.003074112236241728,9.450166041011118e-06
2022-01-03,0.006333723727783,0.00044105705,Normal,0.005892666673224231,3.472352052172753e-05
2022-01-04,-0.0006300186722951997,0.00044103726,Normal,0.001071055936249258,1.1471608185747747e-06
2022-01-05,-0.0197775572010281,0.00044103974,Normal,0.02021859693880775,0.0004087916621739661
2022-01-06,-0.0009646989125810001,0.00044113517,Normal,0.0014058340818207148,1.976369465608692e-06
2022-01-07,-0.0040666989045084,0.00045456315,Normal,0.004521262057251904,2.0441810590345717e-05
2022-01-10,-0.0014431113219664,0.00048378203,Normal,0.0019268933526084325,3.712917992326565e-06
2022-01-11,0.0090769658704805,0.00050606526,Normal,0.00857090060846459,7.346033724017869e-05
2022-01-12,0.0028098407122761,0.0005080363,Normal,0.0023018044224463394,5.298303599193526e-06
2022-01-13,-0.0144499284026049,0.0005029738,Normal,0.014952902197542034,0.00022358928412925737
2022-01-14,0.0008193085446636,0.0005272904,Normal,0.0002920181501338997,8.527460000762477e-08
2022-01-18,-0.0187334865368668,0.0005179968,Normal,0.019251483321632075,0.00037061961008307795
2022-01-19,-0.0097845034541659,0.0005220744,Normal,0.010306577860201144,0.00010622554718838838
2022-01-20,-0.0111607928942093,0.00052659464,Crisis,0.011687387532568101,0.00013659502733642828
2022-01-21,-0.019280678766144,0.00056599884,Crisis,0.019846677604427123,0.0003938906119340691
2022-01-24,0.0027640811638325,0.0006455429,Crisis,0.002118538239074453,4.488204270420684e-06
2022-01-25,-0.0123221979698071,0.0007231374,Crisis,0.013045335373645436,0.0001701807750108849
2022-01-26,-0.0014988796850103,0.00077852124,Crisis,0.002277400921508209,5.186554957286439e-06
2022-01-27,-0.0054132604924774,0.0008130953,Crisis,0.006226355798989368,3.876750653560853e-05
2022-01-28,0.0237711812904571,0.000833826,Crisis,0.02293735526730314,0.0005261222666584791
2022-01-31,0.0185369504130331,0.0008233588,Crisis,0.017713591640710565,0.0003137713288138512
2022-02-01,0.0068162766619318,0.00079266017,Normal,0.006023616493559705,3.6283955661484516e-05
2022-02-02,0.0093346962884227,0.00073025876,Normal,0.008604437526517567,7.403634514774374e-05
2022-02-03,-0.0250034694144716,0.00065019,Crisis,0.025653659406046334,0.0006581102409214296
2022-02-04,0.0051304949144692,0.000609046,Normal,0.004521448891595828,2.0443500079313145e-05
2022-02-07,-0.0037154747635873005,0.00056381366,Normal,0.00427928842807207,1.831230945063153e-05
2022-02-08,0.0083313115093901,0.0005182048,Normal,0.007813106690444722,6.104463615627209e-05
2022-02-09,0.014309964399145001,0.00047235683,Normal,0.013837607571913877,0.00019147938331428828
2022-02-10,-0.0184510021279188,0.00044149117,Crisis,0.018892493295212663,0.00035692630290965545
2022-02-11,-0.0193374517979284,0.00044143817,Crisis,0.019778889967147,0.0003912044883325082
2022-02-14,-0.0038554133194791,0.00045535402,Crisis,0.004310767339711434,1.8582715057122796e-05
2022-02-15,0.0155226160484192,0.0005067625,Crisis,0.01501585357504087,0.00022547585858706767
2022-02-16,0.0008804320262363,0.00052042503,Crisis,0.0003600069924806996,1.296050346349985e-07
2022-02-17,-0.0216328152886369,0.0005438718,Crisis,0.022176687066700375,0.0004918054492543557
2022-02-18,-0.0072179484926338,0.0005990966,Crisis,0.007817045080027233,6.110619378317797e-05
2022-02-22,-0.0102470576615796,0.00063725596,Crisis,0.010884313619861058,0.00011846828297549292
2022-02-23,-0.0187585829639502,0.00066569325,Crisis,0.01942427621676327,0.00037730250654511525
2022-02-24,0.014736980557543598,0.00069636264,Crisis,0.014040617921025865,0.0001971389516042327
2022-02-25,0.0218848506610115,0.0006946329,Crisis,0.021190217781553132,0.00044902532962965054
2022-02-28,-0.0024485868065157,0.00069589686,Crisis,0.003144483665330804,9.887777521532247e-06
2022-03-01,-0.015717340597457,0.0007101363,Crisis,0.016427476912776687,0.0002698619977198111
2022-03-02,0.0183025289666215,0.0007387911,Crisis,0.017563737892949027,0.0003084848887722135
2022-03-03,-0.0052824483397503,0.00069149106,Crisis,0.005973939402503203,3.5687951984780326e-05
2022-03-04,-0.0079975801010058,0.000654178,Crisis,0.008651758074052699,7.485291777193607e-05
2022-03-07,-0.0304206379341071,0.0006557863,Crisis,0.0310764242430327,0.0009657441437329505
2022-03-08,-0.007286526348270401,0.0006958944,Crisis,0.007982420762363746,6.37190412274158e-05
2022-03-09,0.0250570321543161,0.0007256149,Crisis,0.024331417257806305,0.0005920178657734745
2022-03-10,-0.0043103260430554,0.0006673312,Crisis,0.004977657259446576,2.4777071792521198e-05
2022-03-11,-0.013132129131478602,0.00059182005,Crisis,0.013723949179181242,0.0001883467810727495
2022-03-14,-0.007476555007757299,0.0005791541,Crisis,0.00805570912665283,6.489444953323771e-05
2022-03-15,0.0209613965696921,0.0006149123,Crisis,0.020346484262336546,0.00041397942183750875
2022-03-16,0.021895457023418,0.00051955885,Crisis,0.021375898177864453,0.00045692902291042883
2022-03-17,0.0121975120379671,0.00042472788,Crisis,0.01177278415314737,0.00013859844671659783
2022-03-18,0.0115281096754732,0.00036201268,Crisis,0.011166096994620414,0.00012468172209327105
2022-03-21,-0.00043484938759320006,0.00042616206,Normal,0.0008610114509701782,7.413407187017715e-07
2022-03-22,0.01117799236837,0.000507476,Normal,0.010670516385484193,0.00011385991993288664
2022-03-23,-0.012425508133673,0.0005208379,Normal,0.01294634603436746,0.00016760787564158204
2022-03-24,0.0141415475807954,0.0004994679,Normal,0.013642079691482746,0.00018610633830876597
2022-03-25,0.0050406552290752,0.0004997712,Normal,0.004540884019641525,2.061962767983577e-05
2022-03-28,0.0070943266699473005,0.0005099802,Normal,0.006584346477073674,4.3353618530152494e-05
2022-03-29,0.0121084401635044,0.0005127545,Normal,0.011595685677096316,0.00013445992632201665
2022-03-30,-0.0063336039908748,0.0005080858,Normal,0.006841689815423998,4.6808719530476464e-05
2022-03-31,-0.0159021061602806,0.00049323833,Normal,0.016395344491099313,0.0002688073209818206
2022-04-01,0.0033986390394364,0.00048822904,Normal,0.0029104100017082394,8.470486378043354e-06
2022-04-04,0.0080260871506299,0.00047718728,Normal,0.007548899873346381,5.698588929780901e-05
2022-04-05,-0.0127116103435749,0.00045882532,Normal,0.0131704356649773,0.00017346037560530606
2022-04-06,-0.0098124186151024,0.00044581274,Normal,0.01025823135197312,0.00010523131047060427
2022-04-07,0.0042353836386145,0.00044157545,Normal,0.003793808186627636,1.4392980556922873e-05
2022-04-08,-0.0026580762322109,0.00044155848,Normal,0.003099634716664608,9.607735376752485e-06
2022-04-11,-0.0171678626154562,0.00044151756,Normal,0.017609380179924285,0.00031009027032111023
2022-04-12,-0.0034291734306786,0.00044150068,Normal,0.003870674114925021,1.4982118103950595e-05
2022-04-13,0.0110513119459484,0.00044149047,Normal,0.01060982147714647,0.0001125683117769185
2022-04-14,-0.0122937396794003,0.00044141267,Normal,0.01273515235366342,0.00016218410547101894
2022-04-18,-0.00020491026508090004,0.0004702127,Normal,0.0006751229549146156,4.557910042526421e-07
2022-04-19,0.0158044931926492,0.00050508394,Normal,0.015299409253588633,0.00023407192350879347
2022-04-20,-0.0006188578592113,0.00052935566,Normal,0.001148213519757871,1.3183942869547588e-06
2022-04-21,-0.0149744145592232,0.0005147756,Normal,0.015489190132033523,0.00023991501094628467
2022-04-22,-0.028535364801037497,0.000504392,Crisis,0.029039756825632788,0.000843307476491886
2022-04-25,0.0056656847976176,0.00056343374,Crisis,0.005102251054535613,2.603296582350978e-05
2022-04-26,-0.028965487484015902,0.000619701,Crisis,0.029585188477427145,0.0008752833772448879
2022-04-27,0.0020936557973115,0.00067499,Crisis,0.0014186657915203128,2.0126126280299554e-06
2022-04-28,0.0241516422345659,0.0006835313,Crisis,0.02346811095302759,0.0005507522317036136
2022-04-29,-0.0376594587215746,0.0006501386,Crisis,0.038309597315784746,0.0014676252464975819
2022-05-02,0.0056432461850769,0.00062405376,Crisis,0.005019192422782548,2.5192292576917746e-05
2022-05-03,0.0048138598375682,0.0005251211,Crisis,0.004288738726145423,1.8393279861139463e-05
2022-05-04,0.0290006091577832,0.0005059288,Crisis,0.028494680334524472,0.0008119468073667357
2022-05-05,-0.0369759392112678,0.00036476948,Crisis,0.03734070869425294,0.001394328525789057
2022-05-06,-0.005706636333781,0.00032643776,Crisis,0.00603307409299415,3.639798301155719e-05
2022-05-09,-0.0331034421873272,0.00029939692,Crisis,0.03340283911200171,0.001115749660742271
2022-05-10,0.0024518734605215,0.00041547595,Crisis,0.002036397508780982,4.146914813769389e-06
2022-05-11,-0.016739560017848,0.0004147056,Crisis,0.01715426562030016,0.000294268828971812
2022-05-12,-0.0012976465733635,0.0005093904,Crisis,0.0018070369480090909,3.2653825314700096e-06
2022-05-13,0.0233153406421137,0.00057806785,Crisis,0.022737272794586136,0.0005169835741354269
2022-05-16,-0.0039620470705615,0.00050064054,Crisis,0.0044626876114109175,1.991558071704048e-05
2022-05-17,0.0197721558333633,0.00046781174,Crisis,0.019304344093126945,0.00037265770086584516
2022-05-18,-0.042108039132959,0.00035765575,Crisis,0.04246569488308092,0.0018033352419029249
2022-05-19,-0.0058680481444894,0.00035922197,Crisis,0.006227270117247351,3.8778893113161836e-05
2022-05-20,0.00014612041588230002,0.00033083544,Crisis,0.00018471501942435336,3.4119638400939235e-08
2022-05-23,0.0182180346608285,0.00034551308,Crisis,0.017872521581745907,0.0003194270276899732
2022-05-24,-0.0081873761839603,0.00031355777,Crisis,0.00850093395569333,7.226587811905986e-05
2022-05-25,0.0093624210868278,0.00030575896,Crisis,0.009056662123023107,8.202312881060142e-05
2022-05-26,0.0194968609541421,0.00027466897,Crisis,0.01922219198259983,0.0003694926646159252
2022-05-27,0.0241472250602818,0.00026771214,Crisis,0.023879512922852758,0.0005702311374326919
2022-05-31,-0.0063140267733731,0.00028569798,Crisis,0.00659972475788227,4.3556366879804193e-05
2022-06-01,-0.0075392539281619,0.00033246772,Crisis,0.00787172165179972,6.196400176341251e-05
2022-06-02,0.0180984558396895,0.00044087015,Crisis,0.017657585689929926,0.0003117903323972181
2022-06-03,-0.0166197517449837,0.00044129218,Crisis,0.017061043929388727,0.00029107921996053196
2022-06-06,0.0031275933839225,0.00044132216,Crisis,0.0026862712225721006,7.216053081219008e-06
2022-06-07,0.0094336939853806,0.00046330955,Crisis,0.008970384433092917,8.046779687747574e-05
2022-06-08,-0.010911942323871,0.0005044943,Crisis,0.011416436619326516,0.00013033502508309945
2022-06-09,-0.0243812801661249,0.0005250947,Crisis,0.024906374851269623,0.0006203275082319559
2022-06-10,-0.0299875814099465,0.0005543865,Crisis,0.030541967936292706,0.0009328118054215317
2022-06-13,-0.0403428718075002,0.0005908115,Crisis,0.040933683291062194,0.0016755664277729842
2022-06-14,-0.0037879833983272006,0.000650407,Crisis,0.004438390388061821,1.969930923683956e-05
2022-06-15,0.0143831240037852,0.00065908337,Crisis,0.01372404063832248,0.0001883492914423269
2022-06-16,-0.033610773728625,0.0006563028,Crisis,0.03426707651412588,0.0011742325328249576
2022-06-17,0.0021960342916518,0.00070918543,Crisis,0.0014868488566807951,2.2107195226129877e-06
2022-06-21,0.0238947089456832,0.00072118244,Crisis,0.023173526504344302,0.0005370123306475479
2022-06-22,-0.0013032689815608,0.0007003323,Crisis,0.0020036012641375103,4.01441802565343e-06
2022-06-23,0.0094423528299743,0.00067407417,Crisis,0.008768278663519926,7.688271072113877e-05
2022-06-24,0.0296612627494727,0.0006259142,Crisis,0.02903534855392023,0.0008430514656476377
2022-06-27,-0.0029819414618492,0.0005377555,Crisis,0.0035196969535268717,1.2388266644666342e-05
2022-06-28,-0.0205585595534727,0.00040681555,Crisis,0.020965375107488037,0.000439546953397679
2022-06-29,-0.0007122524117109,0.00036414043,Crisis,0.001076392844504547,1.15862155570059e-06
2022-06-30,-0.0088367959721521,0.00035840258,Crisis,0.009195198555667371,8.455167647814731e-05
2022-07-01,0.0104437846260537,0.0004073682,Crisis,0.010036416419401818,0.00010072965454363841
2022-07-05,0.0015816236797862,0.00044141203,Crisis,0.0011402116458073504,1.3000825972347068e-06
2022-07-06,0.003560449774547,0.0004413565,Crisis,0.003119093270676662,9.728742831180436e-06
2022-07-07,0.0147444870154933,0.00044128878,Crisis,0.014303198236236435,0.00020458147978507705
2022-07-08,-0.0008309615490657001,0.00047312555,Crisis,0.0013040870957706778,1.7006431533556012e-06
2022-07-11,-0.0116621570290433,0.00052818545,Crisis,0.012190342482774867,0.0001486044498473457
2022-07-12,-0.0093302603191113,0.000564508,Crisis,0.009894768342783106,9.790644055734273e-05
2022-07-13,-0.0044768703581266,0.00057338853,Crisis,0.00505025889179333,2.5505114874137597e-05
2022-07-14,-0.0030076572827914,0.0005572662,Crisis,0.0035649234585383178,1.27086792652368e-05
2022-07-15,0.0188406271327915,0.000540697,Crisis,0.018299930116969565,0.0003348874422859697
2022-07-18,-0.0084342106551408,0.0005448445,Crisis,0.008979055141425801,8.062343123276512e-05
2022-07-19,0.026888753106237704,0.00052707514,Crisis,0.02636167796363806,0.0006949380650585606
2022-07-20,0.0058612830121717,0.0005290959,Crisis,0.005332187132415786,2.8432219615100483e-05
2022-07-21,0.0097652312376521,0.00052158727,Normal,0.00924364397153104,8.544495387242215e-05
2022-07-22,-0.009420521393741,0.0005147363,Normal,0.009935257676380205,9.870934509607179e-05
2022-07-25,0.00131344003318,0.00051896344,Normal,0.0007944765937899366,6.3119305808006e-07
2022-07-26,-0.0116782689038779,0.00053283566,Crisis,0.012211104567639844,0.00014911107476183464
2022-07-27,0.0254923403118003,0.000525799,Crisis,0.024966541313958524,0.0006233281851815978
2022-07-28,0.0119881736264571,0.0005032493,Normal,0.011484924334660862,0.00013190348697288525
2022-07-29,0.0140091872740569,0.0004765578,Normal,0.013532629483522329,0.00018313206073829782
2022-08-01,-0.0028310802734906,0.00044088913,Normal,0.0032719693989476336,1.0705783747649738e-05
2022-08-02,-0.0067071309786695,0.00044092897,Normal,0.007148059947270429,5.109476100977172e-05
2022-08-03,0.0153982917183193,0.0004409842,Normal,0.014957307510648164,0.00022372104796809198
2022-08-04,-0.0007779449703188,0.00044101817,Normal,0.0012189631421600786,1.4858711419447721e-06
2022-08-05,-0.0016283941332786,0.00044104242,Normal,0.002069436548610649,4.282567628725556e-06
2022-08-08,-0.001239084470314,0.00044107324,Normal,0.001680157706602503,2.822929919055782e-06
2022-08-09,-0.004266834240033,0.00044110007,Normal,0.004707934310053184,2.2164645467775952e-05
2022-08-10,0.020848314159765,0.00044111555,Normal,0.020407198606507013,0.0004164537549654218
2022-08-11,-0.0007059720618458,0.0004410996,Normal,0.0011470716662046966,1.315773407409619e-06
2022-08-12,0.0170282400361394,0.00044107612,Normal,0.016587163918571683,0.0002751340068615663
2022-08-15,0.003953857250696,0.00044103485,Normal,0.00351282240235987,1.2339921230521368e-05
2022-08-16,0.0018721692229716,0.0004410047,Normal,0.0014311645262038229,2.048231901064213e-06
2022-08-17,-0.007290627019621501,0.00044098115,Normal,0.007731608171390438,5.97777649159114e-05
2022-08-18,0.0022644238623919,0.00044095787,Normal,0.0018234659936873275,3.325028230134113e-06
2022-08-19,-0.0130689567157086,0.0004676123,Normal,0.013536569007394837,0.00018323870049196243
2022-08-22,-0.0218697761728131,0.0005070126,Normal,0.022376788764510377,0.0005007206754115178
2022-08-23,-0.0022428838189223,0.00055222225,Normal,0.002795106068020422,7.812617931484584e-06
2022-08-24,0.0029076852816597,0.0005913008,Normal,0.0023163845045000688,5.365637172688029e-06
2022-08-25,0.0138962402908709,0.0006436548,Normal,0.013252585506217563,0.00017563102259960783
2022-08-26,-0.0348695127406395,0.0006562255,Crisis,0.03552573822636669,0.0012620780765283314
2022-08-29,-0.006711144635167199,0.00062509323,Crisis,0.007336237869870144,5.382038608331682e-05
2022-08-30,-0.0111513624600098,0.00059231935,Crisis,0.011743681813027757,0.0001379140625256389
2022-08-31,-0.0078786937660813,0.00051898026,Crisis,0.008397674027485367,7.05209290719023e-05
2022-09-01,0.0029872858823745,0.0005102832,Crisis,0.0024770026604181575,6.13554217971863e-06
2022-09-02,-0.0108532364462017,0.0005228762,Crisis,0.011376112662766027,0.00012941593931594555
2022-09-06,-0.0041119070052037,0.00054645166,Crisis,0.004658358663214183,2.1700305435142628e-05
2022-09-07,0.0180116604192389,0.00056159904,Crisis,0.017450061381628905,0.0003045046422226165
2022-09-08,0.0065673545216327,0.0005401906,Crisis,0.006027163912460713,3.6326704827668734e-05
2022-09-09,0.0150423100227748,0.0005282073,Crisis,0.014514102741170392,0.00021065917838124988
2022-09-12,0.0104736112289948,0.00050771417,Crisis,0.009965897060360534,9.931910421770273e-05
2022-09-13,-0.0452057171657005,0.0004843489,Crisis,0.04569006605164834,0.002087582135803988
2022-09-14,0.0033755853745596,0.0005006399,Crisis,0.0028749454739944525,8.265311478441187e-06
2022-09-15,-0.0114475460104491,0.00048774126,Crisis,0.011935287267978805,0.00014245108216917696
2022-09-16,-0.0072341532789854,0.00049883506,Crisis,0.0077329883346086035,5.9799108583192745e-05
2022-09-19,0.0068104538467479,0.0005054888,Crisis,0.006304965073405678,3.975258457686547e-05
2022-09-20,-0.0114008582435151,0.0004850466,Crisis,0.011885904835590478,0.0001412747337607131
2022-09-21,-0.0174154464614563,0.0004932978,Crisis,0.017908744280504468,0.0003207231217045015
2022-09-22,-0.0084993108607976,0.0005191911,Crisis,0.009018501950349495,8.133337742845764e-05
2022-09-23,-0.01753568409734,0.0005355572,Crisis,0.018071241318495614,0.0003265697627913031
2022-09-26,-0.0104487595472979,0.0005573043,Crisis,0.011006063849062716,0.00012113344144964521
2022-09-27,-0.0021248668863327,0.0005686819,Crisis,0.002693548806745628,7.255205174320795e-06
2022-09-28,0.0192938156981692,0.00056670624,Crisis,0.018727109462182995,0.0003507046288085839
2022-09-29,-0.0215840638319879,0.0005364054,Crisis,0.022120469255178344,0.0004893151600692903
2022-09-30,-0.0152977680058548,0.0005414214,Crisis,0.0158391894160168,0.00025087992135645865
2022-10-03,0.0252335175246057,0.0005612674,Crisis,0.02467225009603993,0.0006087199248015423
2022-10-04,0.0296804855337544,0.0005176049,Crisis,0.02916288066117006,0.0008504736084576466
2022-10-05,-0.0020220304853948,0.00046540867,Crisis,0.002487439151454175,6.187353532187065e-06
2022-10-06,-0.0103513133764248,0.00044198026,Crisis,0.010793293633589487,0.00011649518746088335
2022-10-07,-0.0288143718260589,0.00044190895,Crisis,0.029256280778838968,0.0008559299650102624
2022-10-10,-0.007549095991531799,0.00044185558,Crisis,0.00799095156788681,6.385530696031267e-05
2022-10-11,-0.0065620013270421,0.00044933896,Crisis,0.0070113402840109584,4.915889257819487e-05
2022-10-12,-0.0033016440834846,0.00046530608,Crisis,0.003766950158541615,1.4189913496936698e-05
2022-10-13,0.0253112107874687,0.00047358198,Crisis,0.024837628805390668,0.0006169078046743723
2022-10-14,-0.0242385144716718,0.0004462898,Crisis,0.02468480427853137,0.0006093395622694006
2022-10-17,0.0257998282374824,0.00047076584,Crisis,0.025329062400247022,0.0006415614020756074
2022-10-18,0.0112986968515839,0.00054264255,Crisis,0.010756054302903594,0.00011569270416701092
2022-10-19,-0.0067169636156139,0.00062574,Crisis,0.007342703595637255,5.391529609338427e-05
2022-10-20,-0.0080147189652562,0.0006801188,Crisis,0.008694837764465795,7.560020375038053e-05
2022-10-21,0.0231770841330963,0.0007242657,Crisis,0.022452818431958815,0.0005041290555385095
2022-10-24,0.0117427237599238,0.0007488652,Crisis,0.01099385856996171,0.00012086492625632055
2022-10-25,0.0160069721337311,0.00076956884,Crisis,0.015237403293689344,0.00023217845913453487
2022-10-26,-0.007442769218340501,0.0007800833,Crisis,0.008222852515626683,6.761530349374807e-05
2022-10-27,-0.0061198733352632,0.00081147946,Crisis,0.00693135279710821,4.804365159797981e-05
2022-10-28,0.0240368237257595,0.00083032995,Crisis,0.023206493771135324,0.0005385413531497425
2022-10-31,-0.007510460060772901,0.0008225242,Crisis,0.008332984251653259,6.943862653830123e-05
2022-11-01,-0.0041181315963508,0.00080204447,Crisis,0.004920176062023025,2.42081324813044e-05
2022-11-02,-0.0256459066617315,0.000784792,Crisis,0.026430698667747277,0.0006985818320652577
2022-11-03,-0.010699458136233,0.00075920066,Crisis,0.011458658794882207,0.00013130086137753136
2022-11-04,0.0134361525543357,0.00073826435,Crisis,0.012697888201786833,0.00016123636478507724
2022-11-07,0.0095225776762161,0.00071125187,Crisis,0.008811325811075006,7.763946254891662e-05
2022-11-08,0.0055667596310957,0.0006755746,Crisis,0.004891185045765959,2.3923691151924546e-05
2022-11-09,-0.0212203521999242,0.0006595842,Crisis,0.02187993638410142,0.0004787316161723251
2022-11-10,0.0525473975528935,0.0006523238,Crisis,0.051895073726677336,0.0026930986770972764
2022-11-11,0.0091562654733881,0.0006909004,Normal,0.008465365101978147,7.166240630978949e-05
2022-11-14,-0.0090164669901616,0.0007039319,Normal,0.009720398892696859,9.448615463314233e-05
2022-11-15,0.0086379615728714,0.0007311925,Crisis,0.007906769101877553,6.251699763040555e-05
2022-11-16,-0.0083208051945516,0.0007574227,Normal,0.009078227900198204,8.241422180793709e-05
2022-11-17,-0.0030989012827602994,0.00079532736,Normal,0.003894228642570771,1.516501672061859e-05
2022-11-18,0.0047360627766521,0.00082133646,Normal,0.0039147263130926814,1.5325082106420217e-05
2022-11-21,-0.0038988404104852,0.0008453726,Normal,0.004744213029126905,2.2507557265737478e-05
2022-11-22,0.013398444883064,0.0008622275,Normal,0.012536217363089887,0.00015715674577463637
2022-11-23,0.005879945231943,0.0008732739,Normal,0.005006671353119034,2.506675803814278e-05
2022-11-25,-0.0002831243381155,0.00087945367,Normal,0.0011625780078833269,1.3515876244139648e-06
2022-11-28,-0.0156870984448006,0.00090391375,Normal,0.016591012196045144,0.0002752616856893187
2022-11-29,-0.0015944040885633001,0.0009353157,Normal,0.0025297197669251034,6.399482099171599e-06
2022-11-30,0.0300233967486599,0.00095191953,Crisis,0.029071477218607207,0.0008451507876719979
2022-12-01,-0.0008683867682787001,0.0009328315,Normal,0.0018012182600880384,3.2443872204745803e-06
2022-12-02,-0.0011960896939308,0.00091272,Normal,0.0021088096821949434,4.447078275719138e-06
2022-12-05,-0.0182212529515432,0.0008972332,Normal,0.019118486151337044,0.00036551651271886636
2022-12-06,-0.0146100787522057,0.000902745,Normal,0.015512823751826764,0.00024064770075524062
2022-12-07,-0.0018658468635237,0.00089548965,Normal,0.0027613365110425434,7.6249793272166066e-06
2022-12-08,0.007465696619170999,0.00088963145,Normal,0.00657606516526947,4.324463305787058e-05
2022-12-09,-0.0074040620077417,0.00086822436,Normal,0.008272286371981422,6.843072182006956e-05
2022-12-12,0.0140787351731558,0.00084700773,Crisis,0.013231727443111376,0.00017507861112878672
2022-12-13,0.0072369730800468,0.00083371834,Normal,0.006403254741065529,4.100167127897817e-05
2022-12-14,-0.0060896207843242,0.0008088046,Normal,0.006898425371319593,4.758827260366586e-05
2022-12-15,-0.0255614047303641,0.0007978406,Normal,0.02635924532234983,0.0006948098139638215
2022-12-16,-0.0112634349425868,0.0007867966,Normal,0.012050231562236776,0.00014520808070352738
2022-12-19,-0.0090895136931091,0.0007552591,Normal,0.00984477281999955,9.69195518774019e-05
2022-12-20,0.0010362635912634,0.00072341063,Normal,0.00031285296066473566,9.787697499669064e-08
2022-12-21,0.014650701110406002,0.000681415,Normal,0.013969286084795526,0.00019514095371886192
2022-12-22,-0.0146641373258042,0.00064970285,Normal,0.01531384017746475,0.00023451370098093361
2022-12-23,0.0058339019255194,0.0006139237,Normal,0.005219978217076801,2.72481725867563e-05
2022-12-27,-0.0040660994240542,0.00060378754,Normal,0.004669886966840649,2.1807844283068157e-05
2022-12-28,-0.0121671914211582,0.00058926304,Normal,0.012756454464524572,0.0001627271305054889
2022-12-29,0.0171625122328923,0.0005716617,Normal,0.01659085054590189,0.00027525632183645303
2022-12-30,-0.0025472170506913,0.00057751744,Normal,0.003124734486577266,9.76396561160529e-06
2023-01-03,-0.0040166283434877,0.0005826949,Normal,0.0045993232343965965,2.115377421446037e-05
2023-01-04,0.0074826297323766,0.00058205385,Normal,0.006900575882437343,4.761794750927591e-05
2023-01-05,-0.0117830170248425,0.000592154,Normal,0.0123751710098958,0.00015314485752416544
2023-01-06,0.0223325963698762,0.00060233666,Crisis,0.02173025971124568,0.00047220418711818715
2023-01-09,-0.0007682223332185001,0.0006453877,Normal,0.0014136100181448908,1.9982932833995987e-06
2023-01-10,0.0069299304393284,0.00068683305,Normal,0.006243097386432437,3.897626497647952e-05
2023-01-11,0.0126867529302017,0.0007343625,Normal,0.011952390411786844,0.00014285963655577408
2023-01-12,0.0034042837570355,0.00077741157,Normal,0.0026268721913852455,6.900457509873122e-06
2023-01-13,0.0039809576073951,0.0008185393,Normal,0.0031624183129808775,1.000088958627682e-05
2023-01-17,-0.0020346238750797,0.00085395144,Normal,0.0028885753134098137,8.343867341240604e-06
2023-01-18,-0.0158092776583009,0.0008811801,Normal,0.01669045776729142,0.0002785713804817385
2023-01-19,-0.0076972196364738996,0.0009126825,Normal,0.008609902139004415,7.41304148432328e-05
2023-01-20,0.0185682123393892,0.000935517,Normal,0.0176326953207283,0.00031091194427363366
2023-01-23,0.0117421067935186,0.00095061265,Normal,0.010791494141868738,0.00011645634581398728
2023-01-24,-0.0007120097831082,0.00094598276,Normal,0.0016579925392013444,2.7489392600473218e-06
2023-01-25,-0.0001817580904666,0.0009504883,Normal,0.0011322464105527515,1.28198193420959e-06
2023-01-26,0.0108882156829618,0.0009523633,Normal,0.009935852377702304,9.872116247149252e-05
2023-01-27,0.00248863479971,0.0009541695,Normal,0.0015344653107323592,2.3545837898409557e-06
2023-01-30,-0.0131395159104381,0.00094935234,Normal,0.014088868249813865,0.0001984962085606132
2023-01-31,0.014431665169734001,0.00096217793,Normal,0.013469487237937242,0.0001814270864529542
2023-02-01,0.010344368355624,0.000966962,Normal,0.009377406336176763,8.793574959376811e-05
2023-02-02,0.0144869403336523,0.0009502839,Normal,0.013536656438871277,0.0001832410675440352
2023-02-03,-0.0104631408814157,0.0009256375,Normal,0.011388778371997421,0.00012970427280647624
2023-02-06,-0.0061784405097474,0.00092303846,Normal,0.007101478970061674,5.043100356222821e-05
2023-02-07,0.0127092581814294,0.0009299339,Normal,0.011779324266980334,0.0001387524801866718
2023-02-08,-0.0112051165100551,0.0009403937,Normal,0.012145510224754994,0.0001475134186196281
2023-02-09,-0.0089085736000812,0.00095499033,Normal,0.009863563933493042,9.728989347010473e-05
2023-02-10,0.0021904549102329004,0.000953557,Normal,0.001236897882263391,1.5299163711476617e-06
2023-02-13,0.0113192646743267,0.00095289206,Normal,0.010366372610675465,0.00010746168110336246
2023-02-14,-0.00028049319003070004,0.0009464394,Normal,0.0012269325852237107,1.5053635686837381e-06
2023-02-15,0.0027655099827812,0.0009359669,Normal,0.0018295430771090968,3.3472278709978226e-06
2023-02-16,-0.013981983149322398,0.0009220537,Normal,0.014904036852429338,0.00022213031449857181
2023-02-17,-0.0027750891728286,0.0009146865,Normal,0.003689775648709044,1.3614444337806248e-05
2023-02-21,-0.0204525180823974,0.00091327215,Normal,0.02136579022853297,0.0004564969920896749
2023-02-22,-0.0015760367794143998,0.00090107205,Normal,0.002477108832653149,6.1360681688082475e-06
2023-02-23,0.0053012020290996,0.00088316214,Normal,0.004418039891047315,1.9519076478885373e-05
2023-02-24,-0.0106499748129056,0.00084939506,Normal,0.01149936987195473,0.00013223550745202013
2023-02-27,0.0030635949366251,0.00081415364,Normal,0.002249441298422403,5.059986155048267e-06
2023-02-28,-0.0030452519073979004,0.00078331894,Normal,0.003828570852138941,1.4657954769847897e-05
2023-03-01,-0.0047477167957954,0.00073911896,Normal,0.005486835753221799,3.0105366582833025e-05
2023-03-02,0.007525208194327101,0.0007003894,Normal,0.0068248188100350346,4.6578151789808025e-05
2023-03-03,0.0158918028998799,0.0006728037,Normal,0.015218999173832622,0.00023161793585311805
2023-03-06,0.0006866949498934,0.00066137646,Normal,2.531849362899356e-05,6.410261196413875e-10
2023-03-07,-0.0155661162840734,0.00065828284,Normal,0.01622439911957558,0.00026323112679128483
2023-03-08,0.001412795669647,0.00066644396,Normal,0.0007463517126311281,5.57040878947418e-07
2023-03-09,-0.0188076175869571,0.00068979437,Normal,0.019497411954602036,0.0003801490729274584
2023-03-10,-0.0146913609267277,0.00069768354,Crisis,0.015389044469694543,0.00023682268969023619
2023-03-13,-0.0015120444039370998,0.0006841245,Crisis,0.0021961688797477764,4.823157748372603e-06
2023-03-14,0.0162102886804419,0.0006592531,Crisis,0.015551035581439956,0.00024183470765521157
2023-03-15,-0.0070300166930982,0.0006423509,Crisis,0.007672367567939414,5.886522409756855e-05
2023-03-16,0.0172597658342491,0.00061652384,Crisis,0.016643241989593497,0.0002769975039241681
2023-03-17,-0.0111424686538371,0.00063135097,Crisis,0.011773819619541869,0.00013862282843350902
2023-03-20,0.0088396842500783,0.0006466073,Crisis,0.00819307694003279,6.712650974529706e-05
2023-03-21,0.0128161684530926,0.0006510412,Normal,0.012165127232684666,0.0001479903205874061
2023-03-22,-0.0167395768412659,0.00066718156,Normal,0.017406758405760867,0.0003029952381965266
2023-03-23,0.0029756522215201,0.0007023681,Normal,0.0022732841260029416,5.167820717536958e-06
2023-03-24,0.0056082076483078,0.0007550984,Normal,0.004853109232769132,2.355266922518899e-05
2023-03-27,0.0016442470484006,0.0007924441,Normal,0.0008518029468658163,7.255682602892886e-07
2023-03-28,-0.0015763250361458003,0.0008189443,Normal,0.0023952693394646584,5.737315208579461e-06
2023-03-29,0.0140378771003505,0.0008403712,Normal,0.013197505916765124,0.00017417416242305046
2023-03-30,0.0056828213395163,0.0008673846,Normal,0.004815436737200576,2.318843096998093e-05
2023-03-31,0.014231576773871702,0.0008867588,Normal,0.013344817984451574,0.00017808416703814217
2023-04-03,0.0036852237795326,0.00090564194,Normal,0.002779581842835534,7.726075221020985e-06
2023-04-04,-0.0058308059024251,0.0009208082,Normal,0.006751614078003813,4.5584292658299276e-05
2023-04-05,-0.0024986005613312,0.00094255863,Normal,0.0034411591935634487,1.1841576595446245e-05
2023-04-06,0.0035664059400572997,0.0009626905,Normal,0.0026037154315985364,6.7793340487443525e-06
2023-04-10,0.0009953115301147,0.0009770254,Normal,1.82861627951161e-05,3.3438374976948823e-10
2023-04-11,-4.135418805616874e-05,0.0009820617,Normal,0.0010234159150286294,1.0473801351338869e-06
2023-04-12,-0.0041520642244831,0.000980011,Normal,0.0051320751791462576,2.633819564440909e-05
2023-04-13,0.0130894684010735,0.000976606,Normal,0.012112862361743137,0.00014672143459453353
2023-04-14,-0.0020736661448291,0.0009771396,Normal,0.0030508057155793963,9.307415514211913e-06
2023-04-17,0.003295268217613,0.00097178976,Normal,0.0023234784547696,5.398552129778528e-06
2023-04-18,0.0008544896232008999,0.0009630776,Normal,0.00010858796620293802,1.1791346404090409e-08
2023-04-19,-8.426909848037331e-05,0.00096085726,Normal,0.001045126356658667,1.092289101382619e-06
2023-04-20,-0.005988228895944,0.0009520613,Normal,0.006940290219858677,4.8167628335866005e-05
2023-04-21,0.0009023739953953,0.00094092573,Normal,3.855173732534331e-05,1.4862364508022686e-09
2023-04-24,0.000850854698728,0.00093513686,Normal,8.428216569947712e-05,7.103483454994117e-09
2023-04-25,-0.0160655463846678,0.0009295842,Normal,0.0169951305874901,0.00028883446368584153
2023-04-26,-0.0038560083570711,0.00092796044,Normal,0.004783968798984555,2.2886357469657727e-05
2023-04-27,0.0191918461040783,0.00092748384,Normal,0.018264362266492404,0.0003335869290016715
2023-04-28,0.0081857365683133,0.0009297408,Normal,0.007255995786883145,5.2649474859265946e-05
2023-05-01,-0.00038625563561510006,0.0009261506,Normal,0.0013124062267277734,1.7224101039538317e-06
2023-05-02,-0.0117223456918852,0.0009344077,Normal,0.012656753388944415,0.00016019340634855592
2023-05-03,-0.007047684744755101,0.0009334978,Normal,0.007981182539658915,6.369927473135632e-05
2023-05-04,-0.0072712852922001,0.0009253794,Normal,0.00819666469001333,6.718531204051132e-05
2023-05-05,0.0181406257421873,0.0009022495,Normal,0.017238376264383595,0.0002971616162324637
2023-05-08,0.0004519243516872,0.0009020484,Normal,0.000450124076855712,2.026116845652069e-07
2023-05-09,-0.0046005050631136,0.00089153013,Normal,0.0054920351927064655,3.0162450557926343e-05
2023-05-10,0.0044639639128979,0.00088448403,Normal,0.0035794798788662706,1.281267620320849e-05
2023-05-11,-0.0016995082360534,0.0008858153,Normal,0.0025853235374977816,6.683897793540043e-06
2023-05-12,-0.0015858183349235,0.0008816478,Normal,0.00246746614246946,6.088389164233118e-06
2023-05-15,0.0029494437915127,0.0008767147,Normal,0.0020727290832291564,4.296205852463979e-06
2023-05-16,-0.0064186632978093005,0.00087729073,Normal,0.007295954029105244,5.323094519481704e-05
2023-05-17,0.0117513700100737,0.00087641657,Normal,0.010874953441429355,0.00011826461235325616
2023-05-18,0.0093568112539913,0.0008881967,Normal,0.008468614560723627,7.171743257810022e-05
2023-05-19,-0.001447961671395,0.000887935,Normal,0.002335896663019206,5.456413220304262e-06
2023-05-22,0.00015501066502829997,0.00089248683,Normal,0.0007374761656793395,5.438710949451007e-07
2023-05-23,-0.0113496328757203,0.00089871,Normal,0.012248342862079181,0.00015002190286704604
2023-05-24,-0.007372623801546201,0.0009048599,Normal,0.008277483718318894,6.851673670703439e-05
2023-05-25,0.0086816611636899,0.0009211513,Normal,0.007760509853950102,6.0225513193256635e-05
2023-05-26,0.0128813588459267,0.000933034,Normal,0.011948324849665043,0.00014276246671312317
2023-05-30,1.6602992835320035e-05,0.0009242502,Normal,0.0009076472345638504,8.238235024114053e-07
2023-05-31,-0.006146207482423,0.000915152,Normal,0.00706135950317543,4.9862798033085955e-05
2023-06-01,0.0097584461928542,0.0009015605,Normal,0.008856885719132726,7.844442464177722e-05
2023-06-02,0.014326693454802102,0.0009043404,Normal,0.013422353041403061,0.00018015956116806202
2023-06-05,-0.002007605382418,0.000904983,Bull,0.0029125884083935254,8.48317123670833e-06
2023-06-06,0.0023483706517404,0.0009059143,Bull,0.0014424563613979202,2.0806803545373276e-06
2023-06-07,-0.0038266060535149,0.00090380746,Bull,0.004730413517570618,2.2376812047214824e-05
2023-06-08,0.0061506177189123,0.0009032557,Bull,0.005247362005274382,2.7534808014397183e-05
2023-06-09,0.0011467432615926,0.00091053854,Bull,0.00023620472183651054,5.579267061786332e-08
2023-06-12,0.0092351989516045,0.0009085413,Bull,0.008326657633109674,6.933322733902359e-05
2023-06-13,0.006884815896361299,0.0009119871,Bull,0.005972828800755717,3.567468388313698e-05
2023-06-14,0.0008187547089943,0.00090576947,Bull,8.701476068782724e-05,7.571568577559845e-09
2023-06-15,0.0120319059347072,0.0009012949,Bull,0.011130611062542473,0.00012389050262559287
2023-06-16,-0.0036851583304074,0.0009057775,Bull,0.0045909358327467335,2.1076691820397945e-05
2023-06-20,-0.0047576535417154,0.00091352436,Bull,0.005671177901645706,3.21622587921146e-05
2023-06-21,-0.0052729640389335,0.000903157,Bull,0.006176121032378509,3.814447100658818e-05
2023-06-22,0.0036970877284604,0.0008924579,Bull,0.0028046298269602346,7.865948466274995e-06
2023-06-23,-0.0077179953063416,0.0008869513,Bull,0.008604946588496368,7.404510579087529e-05
2023-06-26,-0.0045070759880341,0.0008778657,Bull,0.0053849416946045465,2.8997597054290485e-05
2023-06-27,0.0113263475930817,0.000863163,Bull,0.010463184617789048,0.00010947823234593734
2023-06-28,-0.0003542021105517,0.000861109,Bull,0.0012153111121136994,1.4769810992270367e-06
2023-06-29,0.0044536359386617,0.00084867387,Bull,0.003604962072531288,1.299575154438908e-05
2023-06-30,0.0121205981401823,0.00083517644,Bull,0.011285421699295146,0.00012736074293092175
2023-07-03,0.0011693091841486001,0.0008255583,Bull,0.0003437508607354665,1.1816465425637408e-07
2023-07-05,-0.001972201609331,0.0008147378,Bull,0.0027869394196186246,7.767031328624196e-06
2023-07-06,-0.0079858634710134,0.0008089639,Bull,0.008794827372376713,7.734898850990667e-05
2023-07-07,-0.0028733368772343,0.00081500405,Bull,0.003688340929362943,1.3603858811213898e-05
2023-07-10,0.0023992580876953,0.000821665,Bull,0.0015775931000976853,2.4887999894758255e-06
2023-07-11,0.0066971082227618,0.00082532543,Bull,0.005871782788199981,3.447783311180154e-05
2023-07-12,0.007356777663559299,0.00082240155,Bull,0.006534376116220485,4.2698071228232714e-05
2023-07-13,0.0083991114923325,0.0008148965,Bull,0.0075842150079612255,5.752031728698429e-05
2023-07-14,-0.0010254577990799,0.00080673094,Bull,0.0018321887381552507,3.35691557222293e-06
2023-07-17,0.0038405850769830997,0.0008033794,Bull,0.0030372056768154855,9.224618323280211e-06
2023-07-18,0.0070670365099951,0.0008137083,Bull,0.0062533282186060515,3.910411380961473e-05
2023-07-19,0.0023523658439069,0.0008217659,Bull,0.0015305999242252615,2.3427361280383763e-06
2023-07-20,-0.0068029148377699,0.00082766375,Bull,0.007630578590485934,5.822572962558231e-05
2023-07-21,0.0003239895243384,0.0008370604,Bull,0.0005130708657018785,2.63241713232075e-07
2023-07-24,0.0040179556910808,0.0008478272,Bull,0.003170128513586036,1.004971479265121e-05
2023-07-25,0.0028067768897005,0.00084586226,Bull,0.0019609146282151915,3.845186179148322e-06
2023-07-26,-0.00015546306243150002,0.00083617214,Bull,0.000991635203566239,9.833403769518563e-07
2023-07-27,-0.0064662542885602,0.0008289888,Bull,0.007295243080469269,5.3220571603134754e-05
2023-07-28,0.0097813817409158,0.0008258143,Bull,0.008955567420209969,8.020218781792623e-05
2023-07-31,0.0014665595122624,0.000836291,Bull,0.0006302685110840757,3.9723839606413763e-07
2023-08-01,-0.0026722124893469,0.0008354591,Bull,0.003507671586635449,1.2303759959689647e-05
2023-08-02,-0.0140342212378418,0.0008308696,Normal,0.014865090835690304,0.00022097092555332386
2023-08-03,-0.0025544853716505,0.0008387151,Normal,0.0033932004890752264,1.1513809559060356e-05
2023-08-04,-0.0053283397969861,0.00086198485,Normal,0.006190324649221864,3.8320119262763794e-05
2023-08-07,0.0089435063188283,0.0008656234,Normal,0.008077882905708834,6.525219223834299e-05
2023-08-08,-0.0042361649906495,0.00086726516,Bull,0.005103430150845029,2.6044999304554118e-05
2023-08-09,-0.007088684564449801,0.0008501885,Bull,0.007938873052124842,6.3025705337754e-05
2023-08-10,0.0002506511054677,0.00082532235,Bull,0.0005746712440880904,3.3024703878175353e-07
2023-08-11,-0.0010708380416859,0.00080645835,Bull,0.001877296394285193,3.5242417519961866e-06
2023-08-14,0.0057176280468428,0.0007828925,Bull,0.004934735531425612,2.4351614765114416e-05
2023-08-15,-0.0116861573186615,0.00077017414,Normal,0.012456331460169097,0.00015516019344559838
2023-08-16,-0.007612987180903899,0.00075798907,Normal,0.008370976247091192,7.007324332936494e-05
2023-08-17,-0.0077729425757713,0.00074634346,Normal,0.008519286035239635,7.257823455022906e-05
2023-08-18,-0.0001487289435582,0.00073008565,Normal,0.0008788145958797771,7.723150939313358e-07
2023-08-21,0.0068322418502297,0.0007109859,Normal,0.00612125593589132,3.746977423268472e-05
2023-08-22,-0.0027852061346773,0.00068797346,Normal,0.0034731795920658797,1.206297647874291e-05
2023-08-23,0.0109244411158441,0.0006687379,Normal,0.010255703194911628,0.00010517944802212057
2023-08-24,-0.0136419841516249,0.00066555024,Normal,0.014307534388215106,0.0002047055402699578
2023-08-25,0.0066731857458323,0.00066695194,Normal,0.0060062338105596365,3.607484458710973e-05
2023-08-28,0.0062256589006101,0.0006899836,Bull,0.005535675299859534,3.0643701025474945e-05
2023-08-29,0.0143013156470949,0.00069894595,Bull,0.013602369696378167,0.00018502446135694705
2023-08-30,0.0038185542142336005,0.0007171698,Bull,0.0031013844344150955,9.618585410032241e-06
2023-08-31,-0.0015994914790923,0.00072894804,Bull,0.0023284395208889846,5.421630602437724e-06
2023-09-01,0.0017958991727937,0.00075160747,Bull,0.0010442917035106557,1.0905451620211872e-06
2023-09-05,-0.0042118552439217,0.000779961,Bull,0.004991816246912304,2.4918229442937635e-05
2023-09-06,-0.007020601341224499,0.00081583305,Bull,0.00783643438685987,6.140970389955984e-05
2023-09-07,-0.0032216169553602996,0.0008454307,Bull,0.004067047665247596,1.654087671139592e-05
2023-09-08,0.0014245908506812,0.00086790277,Bull,0.0005566880837680245,3.0990162260931505e-07
2023-09-11,0.0066785999183203,0.000878628,Bull,0.005799971924222531,3.363967432176961e-05
2023-09-12,-0.0057285458550767,0.0008820052,Bull,0.006610551057660669,4.3699385285938586e-05
2023-09-13,0.0012400928844129,0.00088588265,Bull,0.0003542102367048417,1.2546489178649997e-07
2023-09-14,0.0083595469535337,0.00088608667,Bull,0.0074734602879741405,5.585260867592652e-05
2023-09-15,-0.0123095990398936,0.00088424055,Bull,0.013193839591279628,0.00017407740316041778
2023-09-18,0.0007207678785896,0.0008895768,Bull,0.00016880891831833153,2.849645090380513e-08
2023-09-19,-0.0021556491044765,0.0008878178,Bull,0.0030434669240792874,9.26269091796464e-06
2023-09-20,-0.0094840358339442,0.0008727876,Bull,0.010356823445968895,0.00010726379189097102
2023-09-21,-0.0166751795479592,0.00086058344,Normal,0.017535762992550812,0.0003075029837309146
2023-09-22,-0.0023008824036775,0.0008463531,Normal,0.0031472355303672917,9.905091483606288e-06
2023-09-25,0.0040069556239622,0.000848343,Normal,0.0031586126101764206,9.9768336211655e-06
2023-09-26,-0.0149554426913374,0.0008319141,Normal,0.015787356767453336,0.00024924063370285464
2023-09-27,0.0002292614898708,0.0008110821,Normal,0.0005818205882731543,3.385151969385193e-07
2023-09-28,0.0058586815036634,0.00078804395,Normal,0.005070637552047709,2.571136518423638e-05
2023-09-29,-0.0027169472089655,0.0007526001,Normal,0.0034695472934901015,1.2037758421764488e-05
2023-10-02,7.93612569651324e-05,0.00071921165,Normal,0.0006398503893905562,4.094085208032464e-07
2023-10-03,-0.0139360531239161,0.00069367024,Normal,0.01462972336507828,0.00021402880573871737
2023-10-04,0.0080446028469634,0.00067076256,Normal,0.007373840288961375,5.4373520607109976e-05
2023-10-05,-0.001305733245738,0.00066408736,Normal,0.0019698206073941295,3.880193225314577e-06
2023-10-06,0.0116771974692425,0.00065725174,Normal,0.011019945724245743,0.00012143920376532203
2023-10-09,0.0062644056936785,0.0006750485,Normal,0.0055893571891880945,3.1240913788328634e-05
2023-10-10,0.0051810313478725,0.0006931646,Normal,0.004487866756660674,2.014094802554e-05
2023-10-11,0.0042746700657172,0.0007018499,Normal,0.0035728201930051544,1.2765044131545388e-05
2023-10-12,-0.0062857388700615,0.00072772696,Normal,0.007013465831547542,4.918870297028485e-05
2023-10-13,-0.0050441962544096,0.00076666154,Normal,0.005810857796411712,3.376606833011877e-05
2023-10-16,0.0104834979048369,0.00080369314,Normal,0.009679804765376962,9.369862029581453e-05
2023-10-17,-9.825470627933036e-05,0.00084182,Normal,0.0009400746785448421,8.837404012411882e-07
2023-10-18,-0.013582230557258998,0.0008681526,Normal,0.014450383151452815,0.00020881357322379137
2023-10-19,-0.0085555266962426,0.0008944379,Normal,0.009449964589536399,8.930183074349184e-05
2023-10-20,-0.0127460358852866,0.00090772787,Normal,0.013653763751720161,0.0001864252645877874
2023-10-23,-0.0016884166389375002,0.00090132153,Normal,0.0025897381702109246,6.706743790247428e-06
2023-10-24,0.007213443962633101,0.0008939929,Normal,0.006319451066906986,3.993546178703185e-05
2023-10-25,-0.0145487564284626,0.00087654457,Normal,0.015425300995753293,0.00023793991080958755
2023-10-26,-0.0119744900995975,0.00085776136,Normal,0.012832251462165043,0.0001646666775882369
2023-10-27,-0.0048234527458506,0.0008271331,Normal,0.005650585819322086,3.192912010152385e-05
2023-10-30,0.0118677728711506,0.00079474226,Normal,0.01107303061474763,0.0001226120069951383
2023-10-31,0.0064333464001055,0.0007687617,Normal,0.005664584725697631,3.20875201146069e-05
2023-11-01,0.0103969588131116,0.0007421967,Normal,0.009654762125614402,9.321443170219831e-05
2023-11-02,0.0185105565930889,0.00073231146,Normal,0.01777824513802165,0.0003160660001875905
2023-11-03,0.0093064439436163,0.0007427523,Bull,0.008563691663995683,7.333681491598916e-05
2023-11-06,0.0017499257105979,0.0007526049,Bull,0.0009973207948374425,9.94648767815188e-07
2023-11-07,0.0028320792766516,0.00076700404,Bull,0.0020650752407726735,4.264535750052315e-06
2023-11-08,0.0010039069491683,0.00079683476,Bull,0.0002070721855631525,4.287889003390066e-08
2023-11-09,-0.0081498103695149,0.0008274883,Bull,0.008977298684340941,8.05918916678696e-05
2023-11-10,0.0153769260283737,0.0008658144,Bull,0.014511111635918778,0.00021057236091009734
2023-11-13,-0.0008365382419377001,0.0009134474,Bull,0.0017499856513402791,3.062449779896861e-06
2023-11-14,0.0187190703373505,0.0009479527,Normal,0.01777111765938906,0.0003158126228638497
2023-11-15,0.0015944663704663,0.0009693329,Bull,0.0006251334947823962,3.9079188629885216e-07
2023-11-16,0.0011890122414142,0.0009498321,Bull,0.00023918015449718704,5.720714630529826e-08
2023-11-17,0.0012804078650558,0.00091287546,Bull,0.00036753240412935656,1.3508006808510468e-07
2023-11-20,0.0073361284788214,0.000870937,Bull,0.006465191462960127,4.179870065273251e-05
2023-11-21,-0.0020250249113921,0.0008259442,Bull,0.002850969093389429,8.128024771461743e-06
2023-11-22,0.0040447141982858,0.00080107397,Bull,0.003243640228943985,1.0521201934823788e-05
2023-11-24,0.0005965176576049,0.00077274104,Bull,0.0001762233835413188,3.105468090675075e-08
2023-11-27,-0.0019579849189257,0.0007534176,Bull,0.0027114025300478315,7.351703679949782e-06
2023-11-28,0.0009791589953809,0.0007952973,Bull,0.00018386167072345985,3.380511396122197e-08
2023-11-29,-0.0009471450153641001,0.00083349214,Bull,0.0017806371593750612,3.170668693347287e-06
2023-11-30,0.0037698165689558,0.00086803094,Bull,0.002901785628773293,8.420359835355215e-06
2023-12-01,0.0058394759783083,0.0008458681,Bull,0.0049936078960569,2.493611981956182e-05
2023-12-04,-0.00543794693248,0.0008271103,Bull,0.00626505724675607,3.9250942305130746e-05
2023-12-05,-0.0005691935538553001,0.0008158246,Bull,0.00138501815937984,1.91827530181192e-06
2023-12-06,-0.0039215311067508,0.0008068943,Bull,0.004728425434730335,2.2358007091804755e-05
2023-12-07,0.0079052814463802,0.000802946,Bull,0.007102335460455748,5.044316899284716e-05
2023-12-08,0.004078804502273401,0.0008024708,Bull,0.003276333723692646,1.0734362669005718e-05
2023-12-11,0.0039091628047794,0.00079174293,Bull,0.00311741987272798,9.718306662879334e-06
2023-12-12,0.0045783162929967,0.0007805546,Bull,0.0037977616882801006,1.442299384096812e-05
2023-12-13,0.0134672532598698,0.0007693029,Bull,0.012697950370630757,0.00016123794361500176
2023-12-14,0.002640077112656,0.00076575426,Bull,0.0018743228534645467,3.5130861590194807e-06
2023-12-15,-7.625530781067838e-05,0.0007656139,Bull,0.0008418692283316694,7.087437976117605e-07
2023-12-18,0.0045079461886607,0.00078032684,Bull,0.003727619350521256,1.3895146022380509e-05
2023-12-19,0.0058322269034863,0.00079435605,Bull,0.005037870854913491,2.5380142750786792e-05
2023-12-20,-0.0149036577917157,0.0008042565,Bull,0.01570791426491796,0.0002467385705540131
2023-12-21,0.0101966067695884,0.00083200564,Bull,0.009364601132821847,8.769575437684823e-05
2023-12-22,0.001657308058766,0.0008748152,Bull,0.0007824928410810456,6.122950463430865e-07
2023-12-26,0.0042138702120083,0.00088386337,Bull,0.0033300068462649903,1.1088945596171707e-05
2023-12-27,0.0014284149458716,0.0008815402,Bull,0.0005468747642906691,2.9907200781797487e-07
2023-12-28,0.0003700376379548,0.00087289955,Bull,0.0005028619074018313,2.528700979158079e-07
2023-12-29,-0.0028344904118279,0.00085682754,Bull,0.0036913179488914094,1.3625828199807882e-05
2024-01-02,-0.0056928342752394,0.00084185187,Bull,0.006534686145303092,4.2702123017616187e-05
2024-01-03,-0.0080811833087951,0.00083136774,Bull,0.008912551047805702,7.94335661797425e-05
2024-01-04,-0.0034401823106385,0.0008372346,Bull,0.004277416916207893,1.8296295475061436e-05
2024-01-05,0.0018223601320734,0.0008409926,Bull,0.0009813675235001123,9.630822161807435e-07
2024-01-08,0.0139186303277499,0.0008383614,Bull,0.013080268938280544,0.00017109343549774684
2024-01-09,-0.0014800886433176002,0.0008333704,Bull,0.0023134590169019303,5.352092622884846e-06
2024-01-10,0.0056340793762991,0.0008230627,Bull,0.00481101664813997,2.3145881188679953e-05
2024-01-11,-0.0006715062468232997,0.00081468927,Bull,0.0014861955119217225,2.208777099656271e-06
2024-01-12,0.0007504121234146999,0.00080780516,Bull,5.7393038042808904e-05,3.2939608157833103e-09
2024-01-16,-0.00374532403037,0.00080202555,Bull,0.004547349578552427,2.0678388189560938e-05
2024-01-17,-0.005648654925825,0.00080212334,Bull,0.006450778262877763,4.161254019681625e-05
2024-01-18,0.0087285161536109,0.0008034424,Bull,0.007925073772754178,6.280679430359614e-05
2024-01-19,0.0121640255868648,0.0008118045,Bull,0.011352221093441249,0.00012887292375437243
2024-01-22,0.0021895224326006,0.00080937764,Bull,0.001380144791183514,1.9047996446309853e-06
2024-01-23,0.0029128688162055,0.0008063035,Bull,0.002106565295984237,4.4376173462451564e-06
2024-01-24,0.0008112698078574,0.00080715213,Bull,4.117678147679384e-06,1.6955273327876323e-11
2024-01-25,0.0052328627953994,0.0008220269,Bull,0.004410835872566225,1.9455473094717054e-05
2024-01-26,-0.0006522103983963,0.0008404972,Bull,0.0014927076015675532,2.228175983777557e-06
2024-01-29,0.0075001687900136,0.0008511929,Bull,0.0066489758709418366,4.4208880132366755e-05
2024-01-30,-0.0006010109678935001,0.0008695574,Bull,0.0014705683457758019,2.1625712595977786e-06
2024-01-31,-0.0163701138920478,0.00087834906,Bull,0.01724846295503447,0.0002975094743111965
2024-02-01,0.0123398361991605,0.00089209405,Bull,0.011447742153748705,0.00013105080041871505
2024-02-02,0.0105716929386813,0.00092146377,Bull,0.009650229170217718,9.312692303772095e-05
2024-02-05,-0.0031965281662130994,0.00090606185,Bull,0.004102590012975995,1.6831244814570375e-05
2024-02-06,0.0023050871758084,0.0008999504,Bull,0.001405136784195453,1.9744093822991386e-06
2024-02-07,0.0081741827464743,0.00089666137,Bull,0.007277521378741268,5.2962317418036204e-05
2024-02-08,0.0005702579121354,0.000892706,Bull,0.00032244807041557867,1.0397275811472997e-07
2024-02-09,0.0057095863746871,0.00088561134,Bull,0.004823975032886559,2.327073511791288e-05
2024-02-12,-0.0009498551122229001,0.00088120485,Bull,0.0018310599594693086,3.352780575171746e-06
2024-02-13,-0.0138642758668357,0.0008765145,Normal,0.0147407903407657,0.00021729089987041137
2024-02-14,0.0094890049579633,0.00087609113,Bull,0.008612913828351122,7.418228461460198e-05
2024-02-15,0.0057875922050562,0.0009051877,Bull,0.004882404520944903,2.3837873906143223e-05
2024-02-16,-0.0048266732448732,0.0008912788,Bull,0.005717952033786241,3.269497546068021e-05
2024-02-20,-0.0060416404763452,0.0008852884,Bull,0.006926928882042993,4.798234373688139e-05
2024-02-21,0.001262604075005,0.00087253324,Bull,0.00039007083045849707,1.5215525277458155e-07
2024-02-22,0.0206874207180718,0.0008661998,Normal,0.01982122093269397,0.0003928807992626657
2024-02-23,0.0003478265278412,0.000872616,Bull,0.0005247894879991218,2.754040067143804e-07
2024-02-26,-0.0038011544874077,0.0008828157,Bull,0.004683970173462228,2.1939576585883776e-05
2024-02-27,0.0017034438540681,0.00087935023,Bull,0.0008240936193137163,6.791302933935804e-07
2024-02-28,-0.0016609098685879003,0.00088402914,Bull,0.002544939009749491,6.47671456334472e-06
2024-02-29,0.0052019169944555,0.0008788077,Bull,0.004323109313308491,1.868927413481461e-05
2024-03-01,0.0079442967782974,0.0008743536,Bull,0.007069943205571151,4.998409693000168e-05
2024-03-04,-0.0011946879304812,0.0008658892,Bull,0.0020605771197803957,4.245978066562472e-06
2024-03-05,-0.0102982517092875,0.00086316554,Bull,0.011161417245717233,0.00012457723493299405
2024-03-06,0.0051148297806894,0.0008605633,Bull,0.004254266475948464,1.8098783248378965e-05
2024-03-07,0.0101992130328779,0.0008726658,Bull,0.009326547249487498,8.698448359692281e-05
2024-03-08,-0.0065714678673645,0.00088262116,Bull,0.007454089023416255,5.556344316901469e-05
2024-03-11,-0.001123499156916,0.0008887916,Bull,0.002012290732478209,4.049313992017687e-06
2024-03-12,0.0110779251635158,0.00090384355,Bull,0.010174081610710317,0.00010351193662139384
2024-03-13,-0.0019282418661401,0.00091762544,Bull,0.002845867305027726,8.098960717825771e-06
2024-03-14,-0.0028793624397185,0.0009162282,Bull,0.003795590661913559,1.4406508472805407e-05
2024-03-15,-0.0065252661778671,0.00092263735,Bull,0.007447903529190019,5.5471266980121135e-05
2024-03-18,0.0062784335616841,0.0009303563,Bull,0.005348077234239785,2.860193010339387e-05
2024-03-19,0.0056174456114738,0.0009286683,Bull,0.004688777306195976,2.198463262709839e-05
2024-03-20,0.0088257041593123,0.00091594283,Bull,0.0079097613292787,6.256432428615273e-05
2024-03-21,0.0032260996345302,0.0009136161,Bull,0.002312483539326294,5.347580119655063e-06
2024-03-22,-0.0014041572017928,0.0009162571,Bull,0.002320414294987672,5.384322500383135e-06
2024-03-25,-0.0030643306511333,0.0009166617,Bull,0.003980992345779182,1.5848300057152435e-05
2024-03-26,-0.0028076597733196,0.0009229204,Bull,0.003730580188497541,1.391722854281035e-05
2024-03-27,0.0085568808313906,0.0009305327,Bull,0.007626348134733717,5.8161185872156446e-05
2024-03-28,0.0011152405887295,0.000934371,Bull,0.0001808695624966614,3.2713798637733706e-08
2024-04-01,-0.002017648611665,0.0009294015,Bull,0.0029470501006396903,8.685104295680408e-06
2024-04-02,-0.0072919096738098,0.0009276747,Bull,0.00821958437431583,6.756156728649696e-05
2024-04-03,0.0010899333301483,0.000929905,Bull,0.000160028344906708,2.56090711735803e-08
2024-04-04,-0.012488695752627,0.0009251294,Bull,0.013413825148536607,0.00017993070511551314
2024-04-05,0.0109775754682922,0.00091448176,Bull,0.010063093708755189,0.00010126585499118825
2024-04-08,-0.0003747714080734,0.0009148006,Bull,0.0012895720291768954,1.6629960184354155e-06
2024-04-09,0.0014434072599894,0.0009014032,Bull,0.0005420040633677139,2.937684047071128e-07
2024-04-10,-0.0095474136857274,0.0008930527,Bull,0.01044046641131444,0.00010900333888578502
2024-04-11,0.007389849660101,0.00089204015,Bull,0.006497809514983211,4.222152849300635e-05
2024-04-12,-0.014766071621472199,0.0008870556,Normal,0.015653127211755324,0.000245020391507395
2024-04-15,-0.0121679256452524,0.0008790373,Normal,0.013046962955621712,0.00017022324236536524
2024-04-16,-0.0020607464075795,0.0008792797,Normal,0.0029400260946488566,8.643753437216207e-06
2024-04-17,-0.0058142450876775,0.00086555566,Normal,0.006679800747079662,4.461973802068601e-05
2024-04-18,-0.0022130486872983,0.00083639694,Normal,0.0030494456264194866,9.299118628488934e-06
2024-04-19,-0.0088360528421568,0.00079714914,Normal,0.009633201985338541,9.279858049033041e-05
2024-04-22,0.0086557815597927,0.00074695516,Normal,0.007908826396015825,6.254953496231666e-05
2024-04-23,0.011823393958608,0.000699242,Normal,0.01112415196372786,0.0001237467569121104
2024-04-24,0.0002129646993414,0.0006687024,Bull,0.00045573771491791453,2.0769686479860235e-07
2024-04-25,-0.0045974865338433,0.0006770387,Bull,0.005274525216467998,2.7820616259156777e-05
2024-04-26,0.0101061418153218,0.0006909459,Bull,0.009415195925521013,8.864591431594749e-05
2024-04-29,0.0031683834445611,0.00071970944,Bull,0.0024486740062892795,5.996004389076791e-06
2024-04-30,-0.0159825950602375,0.0007491155,Bull,0.016731710543141518,0.00027995013769947303
2024-05-01,-0.0034472885629161,0.00077012856,Bull,0.004217417127825201,1.778660723007337e-05
2024-05-02,0.0090459861409714,0.0008019777,Bull,0.008244008439486243,6.79636751503204e-05
2024-05-03,0.0124013421540691,0.00082916854,Bull,0.01157217361690313,0.0001339152022197489
2024-05-06,0.0102207632842571,0.00085212546,Bull,0.009368637820249841,8.777137460701569e-05
2024-05-07,0.0013416278435746,0.0008783588,Bull,0.0004632690599085554,2.1461822186855672e-07
2024-05-08,-5.835652220810225e-06,0.0009141866,Bull,0.0009200222407093294,8.464409233998152e-07
2024-05-09,0.0050651829138889,0.00095670176,Bull,0.00410848115883088,1.6879617432468328e-05
2024-05-10,0.0016466835523174,0.0009933816,Bull,0.0006533019486964537,4.2680343617058376e-07
2024-05-13,-0.00024136229940159999,0.0010141673,Bull,0.001255529625904102,1.5763546415228944e-06
2024-05-14,0.004814540007295,0.0010246335,Bull,0.003789906477698969,1.4363391109704605e-05
2024-05-15,0.0115805140429157,0.0010283444,Bull,0.010552169658521115,0.00011134828450221361
2024-05-16,-0.0020860116843895,0.000975332,Bull,0.0030613436744377893,9.371825093020264e-06
2024-05-17,0.001163418653879,0.0009390606,Bull,0.000224358069237007,5.0336543231757624e-08
2024-05-20,0.0009155510636789999,0.0009080062,Bull,7.544848210950866e-06,5.6924734526288483e-11
2024-05-21,0.0024956330824904,0.0008834405,Bull,0.0016121925954036271,2.5991649646742835e-06
2024-05-22,-0.0027134693396973,0.00086433976,Bull,0.0035778090992706403,1.280071795082379e-05
2024-05-23,-0.0074357389972752,0.00086221437,Bull,0.008297953362317947,6.885603000320372e-05
2024-05-24,0.0069524248644603,0.00091556396,Bull,0.006036860908091585,3.644368962364436e-05
2024-05-28,0.0002487399685347,0.00092830893,Bull,0.0006795689626446446,4.618139749899184e-07
2024-05-29,-0.007421790694814901,0.00093461864,Bull,0.008356409336437266,6.982957699809591e-05
2024-05-30,-0.0060109873765708,0.00091449387,Bull,0.006925481243301282,4.796229045131787e-05
2024-05-31,0.0079640270135414,0.0008917552,Bull,0.007072271794923781,5.001702834127444e-05
2024-06-03,0.001114838560031,0.0008862879,Bull,0.0002285506705876621,5.223540902607004e-08
2024-06-04,0.0015005546083808,0.00086987636,Bull,0.0006306782525166924,3.9775505819750887e-07
2024-06-05,0.0117091948772014,0.0008513567,Bull,0.010857838161771825,0.00011789264954722856
2024-06-06,-0.00019985657163099996,0.0008306317,Bull,0.0010304882747693513,1.061906084437114e-06
2024-06-07,-0.0011164650655204,0.00082006276,Bull,0.0019365278290437104,3.750140032660746e-06
2024-06-10,0.0025742138449129,0.00082108815,Bull,0.001753125695234938,3.073449703292985e-06
2024-06-11,0.0027030582992392,0.000830143,Bull,0.0018729153076218782,3.5078117495243547e-06
2024-06-12,0.0084320702071477,0.00084147626,Bull,0.007590593951119882,5.7617116530777745e-05
2024-06-13,0.0023391734364638,0.00085500156,Bull,0.0014841718737231462,2.2027661507508745e-06
2024-06-14,-0.0003940158950661,0.000867045,Bull,0.0012610609138880547,1.5902746285361756e-06
2024-06-17,0.0076061640262224,0.0008761189,Bull,0.006730045131555966,4.529350747278016e-05
2024-06-18,0.0025149889438668,0.00088757765,Bull,0.0016274112890729414,2.648467503802053e-06
2024-06-20,-0.0025323310408609,0.0008939582,Bull,0.00342628924482111,1.1739457989176811e-05
2024-06-21,-0.001564575028265,0.00090070826,Bull,0.0024652832836230404,6.0776216685112e-06
2024-06-24,-0.003074600900816,0.00091014575,Bull,0.0039847466552762455,1.5878205906735225e-05
2024-06-25,0.0039181875470638,0.0009029035,Bull,0.003015284047982069,9.09193789001513e-06
2024-06-26,0.0015699631873256,0.00089742086,Bull,0.0006725423260329697,4.5231318030583723e-07
2024-06-27,0.0009064988625257999,0.0008870294,Bull,1.9469465690085275e-05,3.790600942574077e-10
2024-06-28,-0.0041004086594573,0.00087309384,Bull,0.004973502501986061,2.4735727137261606e-05
2024-07-01,0.0026684275597361,0.0008624144,Bull,0.0018060131349627944,3.2616834436581406e-06
2024-07-02,0.0061572111818612,0.00084990636,Bull,0.0053073048267186064,2.8167484523710616e-05
2024-07-03,0.0050587452143371,0.00083598733,Bull,0.004222757882525761,1.7831684134433453e-05
2024-07-05,0.0054192635901965,0.0008237004,Bull,0.004595563197112063,2.1119201098650846e-05
2024-07-08,0.0010156665125044,0.0008207099,Bull,0.0001949565962070536,3.800807440464015e-08
2024-07-09,0.0007405232230502,0.00081424776,Bull,7.372453694019408e-05,5.435307347046041e-09
2024-07-10,0.0101050860840049,0.0008093505,Bull,0.009295735567357799,8.641069973824083e-05
2024-07-11,-0.008840613286494,0.0008096452,Bull,0.009650258508528305,9.312748928142294e-05
2024-07-12,0.0054867840577574,0.00081634347,Bull,0.004670440589143478,2.1813015296718874e-05
2024-07-15,0.002818241447654,0.0008322688,Bull,0.0019859726540524575,3.944087382644162e-06
2024-07-16,0.0063488532831339,0.00084174384,Bull,0.005507109446488863,3.032825445560687e-05
2024-07-17,-0.0141247274747165,0.0008527306,Bull,0.014977458065566615,0.00022432425010580646
2024-07-18,-0.0078780627514381,0.0008689497,Bull,0.008747012441340464,7.651022664896487e-05
2024-07-19,-0.007191677457500801,0.0008901422,Bull,0.008081819683626847,6.531580939865835e-05
2024-07-22,0.0106770145231566,0.0008970359,Bull,0.009779978647333251,9.564798234229433e-05
2024-07-23,-0.0015605346950735,0.0008990281,Bull,0.0024595627862992733,6.049449099748245e-06
2024-07-24,-0.023699878792134,0.0008925294,Normal,0.02459240817264177,0.0006047865397298176
2024-07-25,-0.0051692264795692,0.0009015868,Normal,0.0060708132631534075,3.685477367607932e-05
2024-07-26,0.0109690399211313,0.0009054626,Normal,0.010063577322237508,0.00010127558852065305
2024-07-29,0.0008126492829362,0.0008912025,Normal,7.85531957333838e-05,6.170604559927306e-09
2024-07-30,-0.0049849184476537,0.00086389185,Normal,0.0058488102992763115,3.420858191692066e-05
2024-07-31,0.015548474246369,0.00082769373,Normal,0.014720780516707594,0.00021670137902107792
2024-08-01,-0.013884062871586498,0.0007959203,Normal,0.014679983192838695,0.00021550190654202658
2024-08-02,-0.0187271705478819,0.0007688965,Normal,0.019496067031232446,0.0003800966296863087
2024-08-05,-0.0308995532808265,0.000748074,Crisis,0.03164762725405379,0.0010015723108115283
2024-08-06,0.0102481572842154,0.0007077123,Crisis,0.009540444968726794,9.102009020130439e-05
2024-08-07,-0.007795017752711299,0.0006815461,Crisis,0.008476563861974153,7.185213490612616e-05
2024-08-08,0.0225255242872643,0.0006429663,Crisis,0.02188255798282425,0.0004788463438716653
2024-08-09,0.0046499705447309,0.00064087874,Normal,0.004009091799841849,1.607281705955916e-05
2024-08-12,4.3032125824889574e-05,0.0006371399,Normal,0.0005941077663807064,3.5296403807387196e-07
2024-08-13,0.0165692028788136,0.00064540684,Normal,0.01592379604356677,0.00025356728043711267
2024-08-14,0.0038091724433494995,0.0006960932,Normal,0.0031130792500941346,9.69126241736666e-06
2024-08-15,0.0158777683702499,0.00073399977,Normal,0.015143768601977858,0.00022933372747025043
2024-08-16,0.0019858293035441006,0.0007902496,Normal,0.0011955796890334154,1.4294107928292383e-06
2024-08-19,0.0096288211904925,0.0008390017,Normal,0.008789819516753096,7.726092713709364e-05
2024-08-20,-0.0019885029998799,0.00088703434,Normal,0.002875537344366792,8.268715018848023e-06
2024-08-21,0.004221790409438,0.00093412044,Normal,0.0032876699671853934,1.0808773813132805e-05
2024-08-22,-0.0090134415502678,0.0009834957,Normal,0.009996937281174526,9.993875500373712e-05
2024-08-23,0.011353244726633,0.0010316647,Normal,0.010321580060844588,0.00010653501495242458
2024-08-26,-0.0031637094248148,0.0010614138,Normal,0.004225123211188833,1.7851666149726634e-05
2024-08-27,0.0015926561623197,0.001067134,Normal,0.0005255221926923793,2.761735750122062e-07
2024-08-28,-0.0060119363229951,0.0010088641,Normal,0.007020800465927098,4.9291639182362156e-05
2024-08-29,-3.9380618842977777e-05,0.00097297167,Normal,0.001012352288241226,1.0248571555072464e-06
2024-08-30,0.0099923666816741,0.00094474066,Normal,0.009047626018857188,8.185953657710157e-05
2024-09-03,-0.0216097818566356,0.0009246646,Normal,0.022534446464372814,0.0005078012774556844
2024-09-04,-0.0016051165379708,0.0009409692,Normal,0.0025460857518141457,6.482552655591003e-06
2024-09-05,-0.0030271582383491,0.0009749785,Normal,0.004002136733272661,1.6017098431810367e-05
2024-09-06,-0.0175642976237102,0.0010012094,Normal,0.01856550699357079,0.0003446780499283259
2024-09-09,0.0114477580955294,0.0009711505,Normal,0.01047660756921815,0.00010975930615939905
2024-09-10,0.0044527716593596,0.0009492883,Normal,0.003503483348410841,1.2274395572592038e-05
2024-09-11,0.0105526797510202,0.0009134724,Normal,0.009639207370531089,9.291431873210086e-05
2024-09-12,0.00743960950651,0.00089025573,Normal,0.006549353775445174,4.289403487593796e-05
2024-09-13,0.0053786513204672,0.0008798547,Normal,0.004498796599915679,2.0239170847412874e-05
2024-09-16,0.0012550529587577,0.000877318,Normal,0.0003777349862764492,1.4268371985726926e-07
2024-09-17,0.0002644801159469,0.00088695536,Normal,0.0006224752407441327,3.874754253394659e-07
2024-09-18,-0.0029048737717311,0.0009013185,Normal,0.0038061922762061572,1.4487099643451409e-05
2024-09-19,0.0166942295558645,0.0009131059,Normal,0.015781123650808502,0.00024904386368210745
2024-09-20,-0.0019448035350474002,0.00093658455,Normal,0.002881388082209456,8.302397280298688e-06
2024-09-23,0.0028014068188788,0.0009363802,Normal,0.0018650266388142113,3.4783243634866346e-06
2024-09-24,0.0025048912421548,0.00094102067,Normal,0.001563870572739207,2.445691168279655e-06
2024-09-25,-0.0018647207177306,0.00095851714,Normal,0.0028232378533171896,7.970671976403053e-06
2024-09-26,0.0040224412831381,0.0009782424,Normal,0.003044198910044137,9.267147003913912e-06
2024-09-27,-0.0012547898196438,0.0009886805,Normal,0.002243470339738731,5.033159165287417e-06
2024-09-30,0.0042186924486422,0.0009869456,Normal,0.003231746866088456,1.0444187806472556e-05
2024-10-01,-0.0094120029590322,0.0009870536,Normal,0.0103990565750046,0.0001081403776501464
2024-10-02,0.0001383717531737,0.0009813347,Normal,0.0008429629601139515,7.105865521240753e-07
2024-10-03,-0.0016842462011474,0.000982862,Normal,0.0026671081670420994,7.113465974702667e-06
2024-10-04,0.0088906167814178,0.00097618246,Normal,0.007914434319235905,6.26382705934991e-05
2024-10-07,-0.0096789541468402,0.0009749237,Normal,0.010653877868354842,0.00011350511363382111
2024-10-08,0.0095965126279649,0.0009670245,Normal,0.008629488151697503,7.446806576028759e-05
2024-10-09,0.0070632275913618,0.0009694543,Normal,0.006093773294497231,3.713407296472763e-05
2024-10-10,-0.0020744186252927,0.0009659776,Normal,0.003040396236778569,9.244009276617284e-06
2024-10-11,0.0060154793772562,0.0009660253,Normal,0.005049454093696043,2.5496986644343728e-05
2024-10-14,0.0076487878730744,0.0009744452,Normal,0.006674342676740127,4.4546850166554564e-05
2024-10-15,-0.0076678893036463,0.0009774568,Normal,0.008645346106148574,7.474200929509831e-05
2024-10-16,0.0046573703764983,0.0009789626,Normal,0.0036784077418081937,1.3530683514994456e-05
2024-10-17,-0.00017118978067239997,0.0009825387,Normal,0.0011537284612183857,1.331089362225344e-06
2024-10-18,0.0039558522317547,0.00097490614,Normal,0.0029809460889536534,8.886039585248083e-06
2024-10-21,-0.0018260990608757002,0.0009559842,Normal,0.0027820832318899793,7.739987109163392e-06
2024-10-22,-0.0004750794995923,0.0009520494,Normal,0.0014271288909364897,2.036696871345615e-06
2024-10-23,-0.0092767202900702,0.000949888,Normal,0.01022660831454935,0.0001045835176192099
2024-10-24,0.0021411791694705,0.0009652183,Normal,0.0011759608769212476,1.3828839840493897e-06
2024-10-25,-0.0002995368698755,0.00096362963,Normal,0.0012631665007354412,1.5955896085802193e-06
2024-10-28,0.0026444350242902,0.00094716233,Normal,0.0016972726899486443,2.8807345840455067e-06
2024-10-29,0.0016115267378791,0.0009329551,Normal,0.0006785716129979814,4.6045943396668216e-07
2024-10-30,-0.0033111675422264003,0.0009182822,Normal,0.004229449738152113,1.7888245087554976e-05
2024-10-31,-0.0189689125602336,0.0009017816,Normal,0.019870694164858885,0.0003948444865933569
2024-11-01,0.004075840470280801,0.0008902675,Normal,0.0031855729812684704,1.014787521898769e-05
2024-11-04,-0.0028200173269891,0.00088045344,Normal,0.0037004707715407766,1.3693483931027591e-05
2024-11-05,0.0121173188907336,0.000854917,Normal,0.011262401903724253,0.00012684169664101168
2024-11-06,0.0246743499428168,0.00083492254,Normal,0.02383942740374655,0.0005683182989385019
2024-11-07,0.0073764809196458,0.0008273617,Bull,0.006549119206482245,4.2890962380714634e-05
2024-11-08,0.0037427810840118,0.0008315492,Bull,0.0029112319117221303,8.47527124382929e-06
2024-11-11,0.0009681254062870999,0.0008561784,Bull,0.00011194700105809766,1.253213104590172e-08
2024-11-12,-0.0029010554720386,0.0008974156,Bull,0.0037984710946417483,1.4428382656828881e-05
2024-11-13,0.0002321738097151,0.0009410186,Bull,0.0007088447642247003,5.024608997687709e-07
2024-11-14,-0.0060865943735916,0.00097197946,Bull,0.0070585738352019175,4.982346458699711e-05
2024-11-15,-0.0133805525178236,0.0009914992,Bull,0.014372051685690605,0.00020655586965616216
2024-11-18,0.0039025349412597997,0.0010019083,Bull,0.0029006266138069613,8.413634752725239e-06
2024-11-19,0.003947947111629,0.0010074399,Bull,0.0029405071937442327,8.646582556461581e-06
2024-11-20,2.1950380424081497e-05,0.0010006648,Bull,0.0009787143985610016,9.578818739506231e-07
2024-11-21,0.0053121175313276,0.0009891866,Bull,0.004322930953828687,1.8687732031570204e-05
2024-11-22,0.0034559808043358,0.0009751325,Bull,0.0024808482919414614,6.154608247628866e-06
2024-11-25,0.0030113890332955,0.0009510369,Bull,0.0020603521060052394,4.245050800720225e-06
2024-11-26,0.0056894813177826,0.0009341636,Bull,0.004755317743653257,2.2613046843103505e-05
2024-11-27,-0.0038157518138228004,0.00092012424,Bull,0.00473587604938578,2.2428521955145866e-05
2024-11-29,0.0055765425400524,0.00091082096,Bull,0.004665721576725558,2.176895783152243e-05
2024-12-02,0.0024424785997261,0.0009063075,Bull,0.0015361711166341496,2.3598216995810103e-06
2024-12-03,0.0004512454154939,0.00090513256,Bull,0.0004538871459625121,2.0601354126999475e-07
2024-12-04,0.0060150548593777,0.00089492707,Bull,0.005120127788901585,2.6215708574682235e-05
2024-12-05,-0.0018732793320121,0.0008866379,Bull,0.0027599172241205105,7.6171430839970645e-06
2024-12-06,0.0024892446258335,0.00088354596,Bull,0.0016056986664651518,2.5782682074879667e-06
2024-12-09,-0.0061822379984276,0.00088496093,Bull,0.007067198927825094,4.9945300685452154e-05
2024-12-10,-0.0029726984071836,0.0008900786,Bull,0.0038627770123362665,1.4921046247033494e-05
2024-12-11,0.0080997348149026,0.00089755544,Bull,0.007202179377497937,5.187138778565657e-05
2024-12-12,-0.0054435205724626,0.00090246624,Bull,0.006345986815595549,4.0271548663712534e-05
2024-12-13,-2.6467339628817382e-05,0.000904068,Bull,0.000930535341174783,8.658960211752698e-07
2024-12-16,0.0037849829150548,0.0009066129,Bull,0.0028783700163660365,8.285013951115018e-06
2024-12-17,-0.0038789930560446,0.0009010138,Bull,0.004780006843414775,2.2848465423092084e-05
2024-12-18,-0.0303937511780689,0.00089575566,Normal,0.03128950683459812,0.0009790332379523625
2024-12-19,-0.0008658615004373,0.0008980293,Normal,0.001763890806409459,3.111310776935811e-06
2024-12-20,0.0107524639122694,0.00089632726,Normal,0.009856136656510011,9.714342979180034e-05
2024-12-23,0.0072346165236046,0.00084925035,Normal,0.006385366168800501,4.0772901109661995e-05
2024-12-24,0.0109223663578318,0.0008175133,Normal,0.010104853031648839,0.00010210805479122273
2024-12-26,-0.00040582342344499996,0.0008139686,Normal,0.0012197920194936531,1.4878925708204047e-06
2024-12-27,-0.0111795640654047,0.0008119695,Normal,0.011991533577546941,0.00014379687754143575
2024-12-30,-0.0108179778311154,0.0008183198,Normal,0.011636297624440317,0.00013540342240455538
