time_step,actual_log_return,predicted_mean,lower_bound_95,upper_bound_95,uncertainty_std,prediction_error,within_ci
0,-0.0029774998903406,-0.0044201524,-0.020851823,0.006878578,0.006847834046232675,-0.001442652509348359,True
1,-0.0203486731494949,-0.0149861695,-0.04189339,0.0013063599,0.012686986159977987,0.005362503625004067,True
2,-0.0007119988201725999,-0.00059147493,-0.008996236,0.00895882,0.004750013125811625,0.00012052388569151556,True
3,-0.0087978662463676,-0.0069039734,-0.020407608,0.0026401011,0.006050325020775951,0.001893892838324215,True
4,0.0104985112966391,0.009557872,-0.00084075856,0.026382629,0.007620034889128548,-0.0009406392173262994,True
5,0.0015828751061934,0.0030286636,-0.0015229566,0.0113260085,0.003987451242504312,0.0014457884675932163,True
6,0.0035667957050661,0.004571769,-0.00084075856,0.01235637,0.004129037924668247,0.0010049732158025353,True
7,0.0148537231809303,0.009779682,-0.00084075856,0.025445577,0.0070699647006112806,-0.0050740407979890535,True
8,-0.0008306163961273,0.0014976477,-0.0029868167,0.007876678,0.002752648185780141,0.002328264121172981,True
9,-0.0115944176605255,-0.0062932735,-0.022565348,0.0005160178,0.006498926666889268,0.0053011441296250215,True
10,-0.0092868684974937,-0.0061958595,-0.022136247,0.0022722157,0.006858753286151625,0.0030910089795915634,True
11,-0.0044668641118166,-0.0033084312,-0.014163287,0.0051591736,0.004963017152776278,0.0011584328664299998,True
12,-0.0030031388127642997,-0.0017231908,-0.009174379,0.0040700864,0.003343721084712479,0.0012799480432111152,True
13,0.0190192316586336,0.011226459,-0.00084075856,0.03314115,0.009813867665893428,-0.00779277225231732,True
14,-0.0083987424858359,-0.00483522,-0.0176147,0.001113897,0.005669475545695971,0.0035635224320439,True
15,0.027253517643730803,0.013065599,-0.00084075856,0.031394664,0.009673014091830452,-0.014187918738644285,True
16,0.0058784939410571,0.003789459,-0.0016451714,0.013809867,0.004477509986695076,-0.002089035051542892,True
17,0.0098130666895046,0.005354996,-0.00084075856,0.018134583,0.005175823508271987,-0.004458070850206828,True
18,-0.0093762872938138,-0.003625802,-0.016861757,0.0025897736,0.004536571581105878,0.005750485296554541,True
19,0.0013143029733058,0.00079264573,-0.004940932,0.0049382057,0.0026603156225943323,-0.0005216572404336118,True
20,-0.0116103425992633,-0.006122674,-0.022511236,0.0034389053,0.006642015872259622,0.005487668737580885,True
21,0.025820048778629003,0.011004535,-0.00084075856,0.032407697,0.009489581569924731,-0.014815514228617845,True
22,0.0120603197919128,0.0066007725,-0.00084075856,0.020543171,0.00558068218197405,-0.005459547295599944,True
23,0.0141077757817535,0.0073410557,-0.00084075856,0.023321986,0.006595188638152984,-0.006766720116588314,True
24,-0.0028270765449167,2.4146255e-05,-0.008790337,0.007953874,0.003250693737486015,0.002851222799789603,True
25,-0.006684688378870901,-0.0030553308,-0.011581507,0.0017486359,0.003845229371130341,0.0036293575473133888,True
26,0.0155174562700907,0.0068517597,-0.00084075856,0.021422604,0.007004769056127113,-0.008665696530870558,True
27,-0.0007776424495837,0.0004802695,-0.003957699,0.0061828657,0.002584846379417698,0.0012579119389279094,True
28,-0.0016270690189191,-0.0003224986,-0.0047936924,0.0041051204,0.002244325368007608,0.0013045704049506085,True
29,-0.0012383171221209,-7.013316e-05,-0.004644337,0.005292569,0.0024610019034880257,0.0011681839629509728,True
30,-0.0042577442359264,-0.0022096944,-0.009507442,0.002419073,0.003124902435966575,0.0020480498783375127,True
31,0.0210671584604074,0.009738955,-0.00084075856,0.028083822,0.007934002461070927,-0.011328203744976662,True
32,-0.0007057229222017999,0.0011890726,-0.0037090047,0.010416254,0.0034157530814277587,0.0018947955386001344,True
33,0.0171740469514926,0.008427866,-0.00084075856,0.02208992,0.00692756129421481,-0.008746181148250869,True
34,0.0039616840562331,0.0029554449,-0.00084075856,0.010590604,0.002964247241691879,-0.0010062392006176032,True
35,0.0018739228259478,0.0015224197,-0.0020500773,0.008273293,0.0028478548701201386,-0.0003515030845705656,True
36,-0.007264114867648,-0.0031166151,-0.01056156,0.0014818653,0.0035018476244818627,0.004147499751051778,True
37,0.0022669896063847,0.0008840474,-0.0044698394,0.0074247858,0.003069026689516272,-0.0013829421880175823,True
38,-0.012983928713038799,-0.006518896,-0.022440407,0.0008080068,0.0065870771399153495,0.006465032509550687,True
39,-0.0216323664664945,-0.011124997,-0.030735685,0.001385762,0.009996678201136203,0.010507369066747128,True
40,-0.0022403704344374,-0.0031718488,-0.013027883,0.005509471,0.004689345221504771,-0.0009314783972608986,True
41,0.0029119166987241,0.002394659,-0.004440363,0.011493693,0.003737676654942036,-0.0005172577196956366,True
42,0.013993241836107,0.009448223,-0.00084075856,0.025444742,0.007713223600819455,-0.004545019020116552,True
43,-0.0342685763170395,-0.013748478,-0.03501609,-0.00084075856,0.010530513657580787,0.02052009817263223,True
44,-0.0066886751973248,-0.0063049286,-0.020250747,0.00096188247,0.005552279102332657,0.00038374663006429666,True
45,-0.011089416492117,-0.007520105,-0.027511073,0.0007116615,0.008387876691059932,0.003569311268014264,True
46,-0.007847738208153,-0.006218288,-0.016289866,0.002086278,0.005412514004929837,0.0016294501143476869,True
47,0.0029917522671948,0.002581484,-0.0078394115,0.012462462,0.005602509292951956,-0.0004102683498839661,True
48,-0.0107945525707243,-0.0070883376,-0.026869979,0.0017549223,0.008169494826580284,0.0037062150114713227,True
49,-0.0041034646908951,-0.00439607,-0.017789654,0.0046396423,0.005464689737557937,-0.0002926051039981647,True
50,0.0181748486661698,0.012457845,-0.00084075856,0.03496246,0.010102685119102624,-0.00571700386492268,True
51,0.0065889668804424,0.0037048291,-0.0030859648,0.0130859995,0.005116984890212052,-0.0028841377389447883,True
52,0.015156014981211,0.009659768,-0.00084075856,0.026174394,0.008117224475698034,-0.005496246899009519,True
53,0.0105286514839956,0.006947789,-0.0018969666,0.020289442,0.005882003547490516,-0.003580862608445569,True
54,-0.044199163031974,-0.014243937,-0.040978756,0.0005625672,0.012207216600820005,0.029955225934484166,False
55,0.0033812890788446994,0.0005366112,-0.008682624,0.011135492,0.005103544330536174,-0.0028446778915729256,True
56,-0.0113822721681495,-0.008526273,-0.027530733,0.0019931793,0.008505827513294519,0.0028559990963836004,True
57,-0.0072080497756631,-0.0058715562,-0.017464645,0.0017880903,0.005715129586798622,0.0013364935420484168,True
58,0.0068336977247057,0.0057131415,-0.0027074139,0.017475901,0.005668376066913241,-0.0011205562014040982,True
59,-0.0113361147366004,-0.009057717,-0.030062314,0.0022092182,0.009116449717094176,0.0022783973387913714,True
60,-0.0172646740985063,-0.00999107,-0.031272944,0.00056260737,0.009637389952405217,0.007273603842869132,True
61,-0.0084632938304539,-0.0074495696,-0.028420981,0.0018402971,0.007780879319911546,0.0010137241841848173,True
62,-0.0173828287673307,-0.011810537,-0.03105469,0.001885572,0.009299049745058336,0.005572291339666895,True
63,-0.0103943608902805,-0.008340094,-0.026620578,0.002959478,0.008464997902941307,0.002054266651760832,True
64,-0.0021226109548247,-0.0017613315,-0.015074067,0.008407425,0.0063536076980102415,0.00036127949904264395,True
65,0.0194811441811523,0.016370745,-0.00084075856,0.046909634,0.014047646530957051,-0.0031103988053998513,True
66,-0.0213527948230975,-0.013811263,-0.039979104,-0.00084075856,0.011036477070166964,0.007541531567322526,True
67,-0.015181351546209301,-0.013073295,-0.03707262,0.0017890437,0.011522227383157089,0.0021080561913661613,True
68,0.0255545775309301,0.019927613,-0.005824983,0.05227559,0.015840232630861466,-0.00562696409375435,True
69,0.0301253414167998,0.01824926,-0.00084075856,0.048806377,0.014983957968091224,-0.011876081155144946,True
70,-0.0020199875589381,-0.0022741202,-0.015520012,0.0052866354,0.005513527792933992,-0.0002541326675643187,True
71,-0.0102979229113952,-0.009550425,-0.029714584,0.004863055,0.00927534603870644,0.0007474976873890239,True
72,-0.028403196531478,-0.015643755,-0.040793426,0.0030568729,0.012740386062111341,0.012759441557470393,True
73,-0.0075206731336527,-0.0075322283,-0.022548242,0.0045122793,0.008062183790351224,-1.1555116403804896e-05,True
74,-0.0065405184123237,-0.0051635276,-0.020560626,0.006332205,0.006756825221761431,0.001376990852834688,True
75,-0.0032961996501662,-0.0015779049,-0.01279935,0.009027141,0.005629530872735262,0.0017182947365917429,True
76,0.0256342593076311,0.019550655,-0.00084075856,0.051372778,0.014377848101497276,-0.0060836042704664126,True
77,-0.0239471207445284,-0.016518576,-0.046590317,0.002194198,0.01484582411872896,0.007428544673862086,True
78,0.026135524557561796,0.018687049,-0.00084075856,0.050746948,0.013421386643603152,-0.0074484756306122946,True
79,0.0113627682070874,0.009195277,-0.0029229852,0.027662512,0.008300891709552036,-0.002167491671039941,True
80,-0.0066944552396843,-0.0049823825,-0.018257223,0.004766463,0.007053985951257191,0.001712072714925723,True
81,-0.0079826867387666,-0.0054591307,-0.016840026,0.0040002456,0.005713807498402444,0.0025235559971107727,True
82,0.0234477598604472,0.016568607,-0.0013871097,0.045100015,0.013489262405146757,-0.006879153141072545,True
83,0.0118119402051114,0.009317745,-0.00084075856,0.025514552,0.007223123048562903,-0.002494194750502006,True
84,0.0161357700158749,0.009761067,-0.00084075856,0.031096127,0.008458030625451543,-0.0063747029085550674,True
85,-0.007415140398989801,-0.0038390153,-0.016714813,0.0063158968,0.006161011874948649,0.0035761251367883726,True
86,-0.0061011850531844,-0.004065123,-0.016685784,0.0039438666,0.005459391482062905,0.0020360621321646073,True
87,0.0243280367708563,0.013358599,-0.00084075856,0.035775214,0.010600473954615065,-0.010969438195860305,True
88,-0.0074823270303364,-0.0039787507,-0.018450784,0.00509007,0.005940036443440492,0.0035035763618703085,True
89,-0.004109663720359,-0.003006723,-0.013842004,0.0046343645,0.004529413600158136,0.0011029407094464627,True
90,-0.0253198437374828,-0.015009666,-0.04611469,-0.00084075856,0.01275622031692227,0.010310177875756991,True
91,-0.0106424225319565,-0.006731334,-0.021348385,0.0039218063,0.007204643883484779,0.003911088389569587,True
92,0.0135268232855639,0.0107427,-0.00084075856,0.024730025,0.00753750796768832,-0.0027841235581478607,True
93,0.0095680616793591,0.0067901756,-0.0013024742,0.023808487,0.006997521591249088,-0.002777886111046693,True
94,0.0055822828287603,0.0046504806,-0.0029205633,0.01617306,0.005315354260463946,-0.000931802249175463,True
95,-0.0209967847123034,-0.012272697,-0.038366858,0.00076215895,0.012029493447056228,0.008724087770212413,True
96,0.0539525156647976,0.01945178,-0.00084075856,0.051365443,0.014225480439421425,-0.03450073542008954,False
97,0.009198312304769,0.006219552,-0.0039751907,0.021878103,0.006998462639466729,-0.002978760406229934,True
98,-0.008975940544918,-0.005871538,-0.022827975,0.0028946162,0.006356828386025564,0.0031044024720935214,True
99,0.0086753764146691,0.0065081096,-0.004877555,0.016873416,0.00604882286430695,-0.0021672667892401846,True
100,-0.0082862831118737,-0.005668492,-0.020570155,0.003720178,0.0060671608354786865,0.0026177910554443136,True
101,-0.0030941046442292,-0.001463988,-0.009374313,0.005334252,0.003853852468067745,0.0016301166632599496,True
102,0.0047472956481582,0.004708574,-0.0019806866,0.014156451,0.004726105146717238,-3.872149467528622e-05,True
103,-0.0038912498002756,-0.00213805,-0.010264226,0.002759521,0.003510862763720381,0.001753199760045445,True
104,0.0134886062698283,0.008892096,-0.00084075856,0.02896347,0.008517471426353788,-0.0045965106220760155,True
105,0.0058972660417383,0.0045277234,-0.00084075856,0.013236261,0.004133039763386443,-0.0013695426250522422,True
106,-0.0002830842622024,0.0010396907,-0.004439631,0.0066440613,0.0028126290075321425,0.0013227749495235265,True
107,-0.015564696794064798,-0.008086947,-0.025067193,0.0015929351,0.007453572041083566,0.007477750001164235,True
108,-0.0015931337016243,-0.0011638255,-0.008701987,0.005501713,0.0035891989766715297,0.0004293081924858946,True
109,0.030478643521294903,0.013751944,-0.0015763512,0.03300915,0.010193500306216536,-0.016726699925587486,True
110,-0.0008680098296064999,-4.9910188e-05,-0.007821459,0.007787389,0.0034554604752782517,0.0008180996416524168,True
111,-0.0011953746637614,-0.00012667553,-0.0047302707,0.0044274917,0.0022583127331754983,0.0010686991357529091,True
112,-0.0180562496309722,-0.010246145,-0.027924173,0.0005689708,0.00841613380920849,0.007810105023309047,True
113,-0.014503869422986,-0.008589585,-0.027009299,-0.00014687581,0.008151217367082714,0.005914284111275165,True
114,-0.0018641072533816,-0.0022118234,-0.013238055,0.0052022915,0.004784603065714746,-0.00034771610761285816,True
115,0.007493634413933199,0.005760543,-0.00084075856,0.017437061,0.005422430218007304,-0.0017330913655513938,True
116,-0.0073767194642132,-0.00468769,-0.016419645,0.0011266205,0.004690856179671832,0.002689029288143464,True
117,0.014178307299650002,0.009513405,-0.0030471412,0.027622726,0.008856954387498861,-0.004664902147984791,True
118,0.007263223255457199,0.004909093,-0.002452358,0.015938338,0.005242752353799245,-0.002354130229385412,True
119,-0.006071116623835901,-0.005044507,-0.016355162,0.0019797815,0.005379633061400139,0.0010266097610763109,True
120,-0.025237477901825997,-0.011918221,-0.032292746,0.00056819624,0.009142321575068323,0.013319257232794854,True
121,-0.0112002399460116,-0.0086573865,-0.028967923,0.0011255299,0.008806089374406946,0.0025428534195461837,True
122,-0.0090483289411038,-0.0075936257,-0.02548936,0.0021688489,0.00748222376869517,0.0014547032503157697,True
123,0.0010368006978907,0.0012795783,-0.009688606,0.009769544,0.004425285111252805,0.00024277761347812313,True
124,0.014758548669054199,0.010908259,-0.00084075856,0.029249411,0.008325115449564345,-0.003850289590193916,True
125,-0.014557142498145598,-0.00854034,-0.02708187,0.0010022137,0.008105656110547118,0.006016802730212706,True
126,0.005850952271915,0.005456597,-0.0031277074,0.018597089,0.006081541709897367,-0.00039435519332341445,True
127,-0.0040578440346594,-0.0029518753,-0.012204803,0.0043635964,0.004112168736860365,0.0011059687056417609,True
128,-0.0120934704429486,-0.007857468,-0.021615602,0.000777366,0.007279351963147886,0.004236002463755866,True
129,0.0173106343149943,0.010960511,-0.00084075856,0.035221055,0.009391678081972723,-0.0063501233830852155,True
130,-0.0025439756461108,-0.0006039636,-0.0064795734,0.0074582063,0.003524082914207326,0.0019400120251500874,True
131,-0.0040085724812736,-0.0024109543,-0.0113265235,0.0020341729,0.003342164284368019,0.0015976181511570898,True
132,0.007510694562138901,0.005848045,-0.00084075856,0.018217644,0.005420083831999329,-0.0016626495669203852,True
133,-0.0117138691364571,-0.0072049694,-0.023224562,0.001188435,0.006709253510693838,0.0045088997228785906,True
134,0.0225838355890308,0.012869754,-0.00084075856,0.039179955,0.010747584069049415,-0.009714081714192448,True
135,-0.0007679273259904998,0.00032346457,-0.0069986754,0.005559879,0.003254933588789266,0.0010913918960918504,True
136,0.0069539979705937,0.004871076,-0.00084075856,0.013061708,0.0044008490302747845,-0.0020829219976790042,True
137,0.0127675711922936,0.007565982,-0.00084075856,0.021747053,0.006122062527343621,-0.005201589018165306,True
138,0.0034100849120427,0.0029052051,-0.0011013241,0.011173585,0.003349513702248578,-0.000504879787053548,True
139,0.003988892144656,0.003268827,-0.0010573037,0.0112445,0.003445242437304792,-0.0007200651589242789,True
140,-0.0020325554309963,-0.00038296747,-0.005046889,0.006335248,0.0025477837124656907,0.0016495879631108355,True
141,-0.0156849669777446,-0.008310323,-0.029206838,0.0041158837,0.008863223396942487,0.007374644327967663,True
142,-0.0076676719018124,-0.004780036,-0.018670669,0.0028263924,0.005672182801324428,0.0028876359701953784,True
143,0.0187416735523519,0.010639019,-0.00084075856,0.030960802,0.009385681191694134,-0.008102654241877505,True
144,0.0118113159513285,0.007628541,-0.00084075856,0.024308624,0.0069255024303434805,-0.004182774977218135,True
145,-0.0007117563642917999,0.00056735106,-0.0046019973,0.0057844655,0.002577242262399512,0.0012791074247456022,True
146,-0.00018174157346560006,0.0009222261,-0.0034631249,0.0060624992,0.0023728112727145435,0.0011039676876641656,True
147,0.0109477080291143,0.0072724945,-0.00084075856,0.019899439,0.006005880112944367,-0.0036752135379245817,True
148,0.0024917340217038,0.0018966794,-0.0015256762,0.008791989,0.0028016432047716093,-0.0005950546203060949,True
149,-0.0130535693152926,-0.0060925954,-0.024379544,0.0018716498,0.00680325417903083,0.006960973913141254,True
150,0.0145363044164195,0.0074365237,-0.00084075856,0.02301931,0.006701410464247049,-0.00709978073677563,True
151,0.0103980562968847,0.0066195913,-0.00084075856,0.01783731,0.005098886765312467,-0.0037784650309678758,True
152,0.0145923846268543,0.0078124097,-0.00084075856,0.025415769,0.0068334975470417175,-0.006779974965144037,True
153,-0.0104085926372854,-0.004334477,-0.014955859,0.0035043657,0.005033918864765616,0.006074115860864329,True
154,-0.006159393193939201,-0.004752975,-0.017114185,0.0023758637,0.0051666114310393646,0.0014064182367114937,True
155,0.012790364037396999,0.006034213,-0.00084075856,0.018772999,0.005712220258852191,-0.0067561509191418605,True
156,-0.0111425730124113,-0.0056435787,-0.018117506,0.0025999653,0.006079658879987247,0.005498994300514166,True
157,-0.0088690098310373,-0.005505444,-0.020253431,0.0011170243,0.005607572103023868,0.003363565814729708,True
158,0.0021928557092171,0.0011766199,-0.0033739484,0.0075904955,0.003062465206980842,-0.001016235806963949,True
159,0.0113835699511551,0.0075175455,-0.00084075856,0.021743111,0.005950405210493238,-0.0038660244671486956,True
160,-0.0002804538554937,0.0005262387,-0.0043080137,0.0069920616,0.0026523643886088833,0.0008066925540060157,True
161,0.0027693375330766,0.001933093,-0.0026391475,0.009279225,0.0030408630894096095,-0.000836244583164648,True
162,-0.0138846892048816,-0.0081894845,-0.021611653,-0.0003630902,0.006449062113476902,0.005695204727838448,True
163,-0.0027712421722827,-0.0023029218,-0.009489575,0.0028845125,0.003581977183412849,0.0004683203294990105,True
164,-0.0202447839734716,-0.010462787,-0.02862503,-3.3487464e-05,0.009369484600313047,0.009781996971146543,True
165,-0.0015747954856433,-0.0023872857,-0.010980755,0.0052707773,0.004247449002363916,-0.0008124902125619326,True
166,0.0053152782632377,0.004177108,-0.0013715476,0.015381368,0.0044212535668036535,-0.0011381703218784189,True
167,-0.0105934646197741,-0.005777866,-0.0189927,0.0018564605,0.00597834730119871,0.00481559850584316,True
168,0.0030682925395522,0.0029654775,-0.0024990875,0.011004038,0.003736459453447746,-0.00010281501150165816,True
169,-0.0030406198309477005,-0.0021005047,-0.008882101,0.0052282386,0.003725269561313434,0.0009401151289905939,True
170,-0.0047364642034928,-0.0049037295,-0.016013749,0.0011133676,0.004874981835299823,-0.00016726533587177635,True
171,0.0075535937311959,0.005953717,-0.003410979,0.01919931,0.005932159290413719,-0.0015998766857099264,True
172,0.016018749176483,0.010244687,-0.00084075856,0.024431303,0.007596353920496639,-0.005774062088649119,True
173,0.0006869307788483,0.00028607209,-0.0063238507,0.008146098,0.0035575792431264243,-0.00040085869370243906,True
174,-0.015445590479262498,-0.008637243,-0.03575934,0.0007141055,0.009448608931978034,0.00680834752876344,True
175,0.0014137941356032,0.0007866833,-0.006430034,0.008212886,0.003767599127711132,-0.000627110846269022,True
176,-0.0186318579454823,-0.01107955,-0.03631836,0.00024255936,0.010109100823513927,0.007552308156053587,True
177,-0.0145839694360666,-0.009956736,-0.033377323,0.0023235772,0.010137614657855915,0.004627233318465205,True
178,-0.0015109018407386998,-0.000977145,-0.011604186,0.008657951,0.004912199448811438,0.0005337567984682779,True
179,0.0163423882353636,0.012552267,-0.0010762595,0.0347746,0.010188332975980156,-0.0037901212948890893,True
180,-0.0070053639293535,-0.0042764894,-0.016358823,0.0029892414,0.005066995646077161,0.002728874556057001,True
181,0.0174095762490317,0.011808951,-0.00084075856,0.02954622,0.008261553253545249,-0.005600624863712468,True
182,-0.0110806212739537,-0.00790418,-0.024658231,0.0012490305,0.006959926604933128,0.0031764409483859782,True
183,0.0088788696359408,0.0062280465,-0.00084075856,0.018100211,0.005794903043695575,-0.0026508231441986652,True
184,0.012898647518559098,0.009425027,-0.00084075856,0.02643989,0.007649667272599065,-0.0034736202226120227,True
185,-0.0166002486398428,-0.010019602,-0.030444192,0.00033747774,0.008604784271114439,0.00658064638580971,True
186,0.0029800838691824,0.0030674008,-0.003214429,0.01262871,0.004676770895613019,8.73169029421291e-05,True
187,0.0056239630843032,0.003958735,-0.0013879113,0.012124498,0.004082584762729181,-0.0016652279349494573,True
188,0.001645599563767,0.0023682297,-0.0025623336,0.011593392,0.0031105013909898394,0.0007226301104083816,True
189,-0.0015750832883878,-0.00022539619,-0.005963131,0.0057507637,0.0032842788168605573,0.0013496871018087813,True
190,0.0141368707750468,0.009661823,-0.00084075856,0.027433516,0.007929069109307988,-0.004475048195245718,True
191,0.0056989991994826,0.005003527,-0.0017520953,0.016189307,0.004686647867786632,-0.0006954723926512404,True
192,0.0143333277820365,0.00865364,-0.00084075856,0.028286142,0.007533286819993448,-0.005679687966288762,True
193,0.0036920225658028005,0.0033915255,-0.0011460123,0.0147165945,0.004124155182669157,-0.0003004970904945015,True
194,-0.0058138397451625,-0.0028786212,-0.014180406,0.003788364,0.004526372613478217,0.0029352185245738157,True
195,-0.0024954816571214,-0.0010047772,-0.0082946075,0.004221074,0.002730886537431561,0.0014907045068927806,True
196,0.0035727731328032003,0.0027214084,-0.0011125556,0.007520582,0.0026025251400784402,-0.0008513647507450567,True
197,0.00099580701701,0.0016997248,-0.0025995555,0.007617358,0.002570196869839461,0.0007039177997072074,True
198,-4.13533329835208e-05,0.0009990904,-0.0016498066,0.005345914,0.001993558572357715,0.0010404437111562164,True
199,-0.0041434563234613,-0.0012237061,-0.007555076,0.004370655,0.002964106047785491,0.002919750265234774,True
200,0.0131755104978315,0.00693754,-0.00084075856,0.025028884,0.007063844586559845,-0.006237970361553824,True
201,-0.0020715175845779,3.3145858e-05,-0.0033771251,0.004859522,0.0022080376172223487,0.0021046634423199564,True
202,0.0033007035826147,0.0029224267,-0.00084075856,0.008785181,0.002709900538724567,-0.0003782769062370458,True
203,0.0008548548034659001,0.0014806936,-0.0018338697,0.0069853375,0.002520551992141189,0.0006258387761855153,True
204,-8.426554793962828e-05,0.0004094459,-0.0028255635,0.0050899843,0.0020536664686254657,0.0004937114479439854,True
205,-0.0059703351883111,-0.0029544209,-0.012404845,0.0018303265,0.003559949833804066,0.0030159143218663927,True
206,0.0009027812573008001,0.00044558346,-0.0027994884,0.0057320306,0.0021813371160495426,-0.00045719780040641726,True
207,0.0008512167782723,0.00080594624,-0.0036509896,0.005406175,0.0022224250929145746,-4.527053667372372e-05,True
208,-0.0159371838185764,-0.007591613,-0.023002826,0.0012664732,0.006993160349860086,0.008345570715872115,True
209,-0.0038485835033448003,-0.0033305779,-0.012966578,0.003805721,0.004327006450920966,0.0005180056399644874,True
210,0.0193771934026963,0.008553927,-0.00084075856,0.024412876,0.007457124259725835,-0.010823266569722344,True
211,0.0082193313132434,0.005441733,-0.0009492842,0.016439656,0.004453571568394896,-0.0027775981429426777,True
212,-0.00038618104851070005,-1.9870553e-05,-0.006958131,0.0069723525,0.0032448186040305986,0.0003663104955778565,True
213,-0.0116539066805717,-0.0070699477,-0.025714234,0.0027901575,0.0071827885337255966,0.00458395901687708,True
214,-0.0070229080548929,-0.004775273,-0.015469201,0.00065317214,0.00476341884543268,0.0022476349069224617,True
215,-0.0072449134550627,-0.005588297,-0.013389631,0.0010862808,0.004297299619754354,0.0016566166542108778,True
216,0.0183061663818797,0.01179215,-0.00084075856,0.03162908,0.009362281877400163,-0.0065140160558065305,True
217,0.000452026484882,0.0017748956,-0.0030650431,0.008399883,0.0031385637715688054,0.0013228691021227213,True
218,-0.0045899389490595,-0.002023942,-0.007054663,0.00281496,0.002781968659075637,0.0025659968789776702,True
219,0.0044739422419144,0.0036206294,-0.0013383045,0.012239383,0.004243138370738761,-0.000853312810234555,True
220,-0.0016980648897067,-0.00071452896,-0.0067394753,0.0038297693,0.0027845704776960777,0.000983535933256178,True
221,-0.001584561589439,-0.0007231211,-0.0045782053,0.003637693,0.002085851344533542,0.0008614404837457193,True
222,0.0029537976803169,0.0029302684,-0.0011958448,0.010053384,0.0030479906311515585,-2.3529267860983392e-05,True
223,-0.006398107681917401,-0.004252893,-0.016905097,0.0037634852,0.005383888682412415,0.002145214763032647,True
224,0.0118206886220715,0.008101121,-0.00084075856,0.020863276,0.006317305094359505,-0.0037195680309078643,True
225,0.0094007230637271,0.0060618715,-0.00084075856,0.022711204,0.0056833286849684375,-0.003338851527651031,True
226,-0.0014469138806754,-0.0003961032,-0.0044490816,0.0033807561,0.0019682146328984912,0.0010508106899515934,True
227,0.0001550226798023,0.00037380855,-0.0047730184,0.0053020716,0.002342363448592459,0.00021878587084609124,True
228,-0.0112854687682842,-0.0067300485,-0.019435,0.0043718354,0.006267975244104316,0.004555420316711543,True
229,-0.0073455126783052,-0.00550426,-0.015130812,0.0003463573,0.004709281434349335,0.0018412528386512316,True
230,0.0087194560790118,0.004799719,-0.00084075856,0.01760144,0.005060073844027377,-0.003919737110441567,True
231,0.012964680931640701,0.007110915,-0.0011946725,0.024133367,0.0070623981741785614,-0.005853765784872608,True
232,1.660313066576837e-05,0.0008522808,-0.0033575974,0.006235648,0.0024307523009410126,0.0008356776895884681,True
233,-0.006127358186213999,-0.0033920738,-0.013811785,0.00051562296,0.003527740753226323,0.0027352843947398954,True
234,0.0098062150858538,0.005973426,-0.00084075856,0.018083895,0.005409831687445884,-0.0038327889263825264,True
235,0.0144298123901074,0.0073900903,-0.00084075856,0.025967099,0.007182750393034001,-0.0070397221257274215,True
236,-0.0020055914906577,-0.00019293826,-0.0063080075,0.0069575505,0.002910009161186967,0.0018126532345802315,True
237,0.0023511302338505,0.0022294533,-0.0016372751,0.0083431685,0.002832720533673733,-0.00012167693651857084,True
238,-0.0038192939264206,-0.0018914067,-0.008619503,0.0025105628,0.002822812388819489,0.0019278872077790805,True
239,0.0061695716075232,0.00367557,-0.00084075856,0.012890483,0.003982388065694981,-0.0024940015945216385,True
240,0.0011474010230505,0.001064888,-0.004593568,0.0060520507,0.002423846268600254,-8.251305422718631e-05,True
241,0.0092779749817541,0.0041618096,-0.00084075856,0.014056625,0.004146267982096611,-0.005116165410666739,True
242,0.0069085707259088,0.0042820494,-0.00084075856,0.01337413,0.0037085940108628843,-0.0026265213568418466,True
243,0.0008190899801265,0.0013876011,-0.0015524707,0.0075589647,0.0022669493993974126,0.0005685111561034323,True
244,0.0121045804935899,0.0059054224,-0.00092411577,0.017734429,0.005059463592961846,-0.006199158111533187,True
245,-0.0036783764677510004,-0.00088324165,-0.006732461,0.0044055525,0.0025994469295504727,0.002795134818033908,True
246,-0.004746353835236,-0.0019269639,-0.008144687,0.0018263776,0.0024381985375002374,0.0028193899191875926,True
247,-0.0052590863669252,-0.0025565722,-0.0107469065,0.0039994535,0.00360806871710109,0.0027025141643321118,True
248,0.0037039303873345002,0.0022374045,-0.0015397095,0.0074368995,0.0027675672473614823,-0.0014665259235217914,True
249,-0.0076882880565021,-0.0033537021,-0.016015615,0.002494592,0.004637005923987713,0.004334585919255372,True
250,-0.0044969343631321,-0.0030546666,-0.011658256,0.0024819945,0.0035041514689492115,0.0014422677974009323,True
251,0.0113907335241807,0.0063950447,-0.00084075856,0.019296795,0.006480552388713033,-0.004995688787616541,True
252,-0.00035413938838980004,0.0010930629,-0.0031377322,0.0062871813,0.0023898552109026692,0.0014472023098169903,True
253,0.00446356811449,0.0034010704,-0.00084075856,0.010715783,0.0036576530831251963,-0.0010624977469451107,True
254,0.0121943502618858,0.0065795192,-0.00084075856,0.018515471,0.005242135134722749,-0.005614831012386955,True
255,0.0011699930926736,0.0011171069,-0.0021497444,0.00666166,0.0023404833692129835,-5.288621633756183e-05,True
256,-0.0019702580976127,-0.00034843804,-0.0044474746,0.004033706,0.002226392091577948,0.0016218200544653744,True
257,-0.0079540611758947,-0.0036678782,-0.011454591,0.0012405373,0.003635702381637024,0.004286182956036888,True
258,-0.0028692127957334,-0.0016974034,-0.0070739137,0.0038205439,0.002773796649163836,0.0011718094169487435,True
259,0.0024021386106263,0.001575693,-0.0044437107,0.008582406,0.003020217606396333,-0.0008264455881665544,True
260,0.0067195839982548,0.0049993014,-0.00084075856,0.01533772,0.004371128629823662,-0.001720282601944471,True
261,0.007383905235389599,0.004210421,-0.00084075856,0.01393062,0.004701872238269449,-0.003173484351197609,True
262,0.0084344829896271,0.0047492255,-0.00084075856,0.015746387,0.004612074014018949,-0.003685257537084796,True
263,-0.0010249321969074,-0.000104105595,-0.00568789,0.004567719,0.0022930345151808184,0.0009208266021066148,True
264,0.0038479695744204,0.0020214817,-0.00084075856,0.00918221,0.002471255331622437,-0.0018264878257500602,True
265,0.0070920669414283,0.0039628493,-0.00084075856,0.0137316305,0.0038342067112591793,-0.0031292176746011936,True
266,0.0023551348272336,0.0017626979,-0.0017198648,0.0073043997,0.0027903469587857326,-0.0005924368884039394,True
267,-0.006779827396257601,-0.0025371036,-0.011563248,0.0025677425,0.003593885514151353,0.004242723793594918,True
268,0.000324042014613,3.6848534e-05,-0.003988828,0.0048674843,0.0023202275447075957,-0.00028719348024874674,True
269,0.004026038496874801,0.0020543134,-0.0023783336,0.011337346,0.0032835706469041023,-0.0019717250663121855,True
270,0.0028107195758387,0.001804158,-0.0011980325,0.008047372,0.0024114230385252075,-0.0010065616007089166,True
271,-0.0001554509786759,0.000168181,-0.0029185407,0.0057090614,0.001875526151047359,0.0003236319740638565,True
272,-0.006445393055197,-0.002770401,-0.009052539,0.0010604598,0.0029727285946167664,0.0036749919834399222,True
273,0.0098293758104338,0.0040167104,-0.0013103709,0.011441506,0.0036481175434888483,-0.005812665365148956,True
274,0.0014676354365687,0.0013651543,-0.0021046372,0.006372523,0.002297538417425885,-0.00010248115344747171,True
275,-0.0026686453076827,-0.0004909316,-0.0046123606,0.0045703035,0.002258490784192515,0.002177713688258327,True
276,-0.0139362006383361,-0.0069087464,-0.021124022,0.00065970636,0.007003479607361242,0.007027454202097811,True
277,-0.0025512254502915,-0.0025334938,-0.012865122,0.0021746955,0.0038014365224300762,1.7731653928027176e-05,True
278,-0.0053141693739379,-0.0038695966,-0.01690745,0.0011255033,0.004226306590147637,0.0014445727380151107,True
279,0.0089836189648565,0.005928953,-0.00084075856,0.017458403,0.0054160966627779,-0.003054665786629553,True
280,-0.0042272051000588,-0.0018053867,-0.012596444,0.0028628926,0.0036956148068603466,0.0024218183612071337,True
281,-0.0070636191020451,-0.003915623,-0.01350353,0.0016440587,0.004619900190544455,0.0031479962716541698,True
282,0.0002506825210808,0.00048216668,-0.0046388037,0.0069898833,0.0030329072712064207,0.00023148415965939254,True
283,-0.0010702648992294,-0.000806593,-0.007234104,0.005123914,0.0029950161444244642,0.0002636719123104141,True
284,0.005734004879419,0.003959348,-0.0030504556,0.014493542,0.004482027458224653,-0.0017746569198111607,True
285,-0.0116181393960964,-0.005841115,-0.02463393,0.0018948903,0.006751803853017888,0.005777024372155598,True
286,-0.0075840817926245,-0.004462011,-0.014707103,0.0020886033,0.0051808500113394,0.003122070634158161,True
287,-0.007742811377529,-0.004858077,-0.017733432,0.0015611224,0.005663034903140163,0.0028847343394494997,True
288,-0.0001487178839572,-6.3397136e-05,-0.007882859,0.0056362925,0.003091850592799535,8.532074813882287e-05,True
289,0.0068556348597997,0.00522852,-0.0015735058,0.019650334,0.0052438639349168086,-0.0016271149544411475,True
290,-0.0027813310465456004,-0.0015092106,-0.009453912,0.0041324343,0.003126480140343929,0.001272120486074781,True
291,0.0109843307107913,0.007639538,-0.0011342993,0.024210911,0.007207489032382852,-0.003344792679719875,True
292,-0.013549353984008,-0.0088193435,-0.026792632,0.0031107827,0.007784444741100907,0.0047300104618169525,True
293,0.006695501060295101,0.004555416,-0.002405643,0.013767955,0.004753486862646188,-0.002140085232514139,True
294,0.0062450785941964,0.0033211424,-0.00084075856,0.012496004,0.003859011730080904,-0.00292393619265016,True
295,0.0144040687120565,0.0084761605,-0.00084075856,0.02306344,0.007244631464723533,-0.00592790824538551,True
296,0.0038258541811929,0.003282054,-0.0009050518,0.011307504,0.0038254475547392554,-0.0005438000865952029,True
297,-0.0015982129743397997,-0.00015785074,-0.008141282,0.0060103363,0.0029357812665830943,0.0014403622380533086,True
298,0.0017975127655185,0.0015520168,-0.002534905,0.008036552,0.0026990959042491134,-0.0002454959419659511,True
299,-0.0042029978213812,-0.0017460047,-0.0072604176,0.0041013435,0.002980069944274103,0.002456993141209591,True
300,-0.006996014491432199,-0.0027662213,-0.010132731,0.0018552775,0.0031758906728313386,0.004229793195389995,True
301,-0.0032164331157329,-0.0013078096,-0.008612364,0.005774366,0.003451684913547695,0.0019086235067444363,True
302,0.001425606062257,0.0016317938,-0.0027138183,0.008359149,0.00265835724477586,0.000206187736621789,True
303,0.0067009514981355,0.004289257,-0.0019026229,0.015697666,0.00491094960768684,-0.002411694623663597,True
304,-0.0057121690230039,-0.0020364102,-0.00846726,0.0025987048,0.002647140030703818,0.003675758871954405,True
305,0.0012408621175346,0.0015268184,-0.0017137356,0.0063801445,0.0022789415296362017,0.00028595626036254334,True
306,0.0083945855336662,0.006028485,-0.00084075856,0.02092525,0.005699476133535354,-0.0023661005149062334,True
307,-0.0122341458424939,-0.005733729,-0.019759296,0.0014450436,0.005682545333841048,0.0065004169680191355,True
308,0.0007210276941755,-0.00018048956,-0.0055103716,0.004667083,0.002554638218199053,-0.0009015172524363879,True
309,-0.0021533273615331,-0.000946825,-0.0051253205,0.0020434419,0.002061987190560748,0.0012065023405865376,True
310,-0.009439204206291,-0.005706667,-0.01687253,0.0021282518,0.005696685261775322,0.003732537237528125,True
311,-0.016536918318488,-0.009051552,-0.025710404,-0.00084075856,0.007630112833407877,0.007485366276122927,True
312,-0.0022982374027607,-0.002057791,-0.011658158,0.0058819754,0.004673183470178506,0.00024044641370447048,True
313,0.0040149942038066,0.0036802567,-0.0031010497,0.012839304,0.0047269563442671764,-0.0003347375427789302,True
314,-0.014844165482264901,-0.008645173,-0.02573801,-0.00061954855,0.007696218720166473,0.0061989923200429925,True
315,0.0002292877722947,0.00078741455,-0.006481383,0.008921875,0.0036707951185418544,0.0005581267798835339,True
316,0.0058758771430006,0.0050349976,-0.00084075856,0.01579274,0.004610904855126573,-0.0008408795493891211,True
317,-0.0027132596482893,-0.0014770327,-0.007186919,0.0028943587,0.002691953142904268,0.001236226981263376,True
318,7.936440615299324e-05,0.0005242407,-0.0053093364,0.006837498,0.00272291366593838,0.00044487631439846774,True
319,-0.013839395863449098,-0.009305492,-0.028491745,-0.00084075856,0.007872502796297351,0.00453390381995392,True
320,0.008077047607828899,0.0049399715,-0.0010753423,0.016264312,0.004819728075512465,-0.0031370761161344483,True
321,-0.0013048811469951,-0.00088777556,-0.007129364,0.005099366,0.00315040865673379,0.0004171055861541357,True
322,0.0117456420939611,0.008904523,-0.0013201634,0.026413344,0.007830377135904723,-0.002841118877773146,True
323,0.0062840681193874,0.0043553924,-0.00084075856,0.013105902,0.004087383888596695,-0.001928675700585616,True
324,0.0051944760999853,0.003923212,-0.00084075856,0.012574346,0.003965832071643087,-0.0012712639219338287,True
325,0.004283819500095,0.0030823236,-0.0020349605,0.010085261,0.003416999621915584,-0.0012014959135267633,True
326,-0.006266024940654901,-0.0029584395,-0.010313135,0.0020841411,0.003628163360510744,0.003307585417300728,True
327,-0.0050314956602198,-0.0033463938,-0.011808177,0.001651445,0.003723456411512961,0.0016851018440467236,True
328,0.0105386423025899,0.00712462,-0.00084075856,0.021819353,0.006441703160423444,-0.003414022278475053,True
329,-9.824987944376506e-05,0.00047304636,-0.004325757,0.005321095,0.00248054405697567,0.0005712962346260701,True
330,-0.0134904082511518,-0.007134942,-0.023442104,0.0044210902,0.0071573949013460725,0.006355466378942489,True
331,-0.0085190323280579,-0.0050547007,-0.016229568,0.0021834369,0.005081560255942855,0.0034643316740578557,True
332,-0.0126651491961559,-0.0076027275,-0.024186505,0.0025040023,0.007557919105490734,0.005062421689846152,True
333,-0.0016869920654349,-0.00036320766,-0.011440793,0.0060035256,0.004558111903421977,0.0013237844104073912,True
334,0.007239523519628801,0.0066353544,-0.001109111,0.021236075,0.006805605699362674,-0.0006041691534753226,True
335,-0.014443434657238002,-0.009051979,-0.024645971,0.00012503279,0.007627382106584591,0.005391456069133754,True
336,-0.0119030812055848,-0.0075572054,-0.023929691,0.0021630228,0.007661829752369067,0.004345875815399683,True
337,-0.0048118385786207,-0.0030991365,-0.014642629,0.0026193163,0.0043643234502731805,0.0017127020584435737,True
338,0.0119384743002859,0.008346765,-0.00084075856,0.023384001,0.006991207839840321,-0.0035917089981642603,True
339,0.0064540848216882,0.004774684,-0.001529265,0.015518697,0.004549377685046559,-0.001679400735246206,True
340,0.0104511949901918,0.008322169,-0.00084075856,0.022355136,0.006733315152766865,-0.002129025917265756,True
341,0.0186829389340864,0.009608843,-0.00084075856,0.028749587,0.007598156801649375,-0.009074095570264895,True
342,0.0093498835445514,0.005775277,-0.0010432559,0.02117723,0.005695316964464325,-0.0035746065073778907,True
343,0.0017514577241005,0.0016079256,-0.0038564976,0.009373644,0.003306381347640274,-0.00014353209299460012,True
344,0.0028360934017119,0.0021521095,-0.002591228,0.008655463,0.002959328192688289,-0.000683983883064706,True
345,0.0010044110324198,0.00087393087,-0.0028652074,0.0054078423,0.0022089381409551687,-0.0001304801637271038,True
346,-0.0081166906990687,-0.0031394104,-0.012687571,0.0038849614,0.0038932154954816186,0.004977280298305546,True
347,0.0154957592707722,0.008796056,-0.00084075856,0.022300305,0.006881464601047197,-0.006699703469559412,True
348,-0.0008361884413699999,0.00037397715,-0.00368375,0.0050116586,0.002264949396881862,0.001210165590508227,True
349,0.0188953704745772,0.0076436144,-0.00084075856,0.022716105,0.0062164273659378695,-0.011251756044596682,True
350,0.0015957382078471,0.0018318107,-0.0023775343,0.009478626,0.00319223065854333,0.00023607248075284415,True
351,0.0011897193967137,0.001752062,-0.0015574166,0.006318916,0.0023372250906121936,0.000562342605483208,True
352,0.0012812279371779,0.0015463977,-0.00169034,0.0070744627,0.002279831051246446,0.0002651697516207064,True
353,0.0073631037937956,0.0038904336,-0.00084075856,0.010680515,0.0034545164931612574,-0.0034726702122496508,True
354,-0.0020229759317579,-0.000104810606,-0.004392954,0.00420013,0.0021531337249328978,0.001918165325768131,True
355,0.004052905094313301,0.0030916706,-0.00084075856,0.009916,0.0032016748805622996,-0.00096123452155558,True
356,0.000596695609645,0.0012298957,-0.0023569516,0.0074797818,0.0026278984185311993,0.0006332001348277421,True
357,-0.0019560693168983,0.00022277275,-0.0032631026,0.0043277442,0.001734206637093304,0.0021788420696480337,True
358,0.0009796385280502,0.0013068806,-0.001520291,0.006858985,0.002260100578094047,0.0003272420866700849,True
359,-0.0009466966151018999,0.0007507219,-0.003117486,0.0059303776,0.0024655613664521,0.0016974185130318067,True
360,0.0037769312649946,0.00247565,-0.002180249,0.010418292,0.0031151098133993752,-0.0013012812152485634,True
361,0.0058565589538466,0.0032607766,-0.0010489114,0.012408101,0.0038866068871878227,-0.0025957823204498555,True
362,-0.0054231880638269,-0.001701005,-0.0074857487,0.0033819645,0.002827235608832334,0.003722183027815562,True
363,-0.0005690315939348002,-0.00018528118,-0.004139278,0.004896531,0.002106291271223363,0.0003837504101313462,True
364,-0.0039138519449437,-0.0009465674,-0.006466536,0.0029945439,0.0021878294685814554,0.0029672845511043407,True
365,0.0079366106848219,0.0046020644,-0.00084075856,0.014402918,0.004352783690640962,-0.0033345463062623114,True
366,0.0040871341465037,0.0025267769,-0.0022556498,0.008521954,0.0029149984404063314,-0.0015603572813789974,True
367,0.0039168135477814,0.0024748319,-0.00084075856,0.0101621905,0.002838776285308101,-0.0014419816649171632,True
368,0.0045888127956924,0.0030261322,-0.0028299675,0.011387142,0.0035360033472806637,-0.0015626805566635888,True
369,0.013558345175019802,0.0069268527,-0.00084075856,0.021750212,0.005476741829364764,-0.006631492430947126,True
370,0.0026435651851544,0.0019269831,-0.003565451,0.007374144,0.0032920914241015525,-0.0007165820605778911,True
371,-7.625240044859476e-05,-0.00014854252,-0.0042238585,0.0054315096,0.0022191017184218786,-7.229011595058017e-05,True
372,0.0045181222634005,0.0024474056,-0.0015003682,0.0101740435,0.003401930748098504,-0.0020707166662054704,True
373,0.0058492674508189,0.0025335567,-0.00084075856,0.010897035,0.0030815148321145154,-0.00331571079018164,True
374,-0.0147931479653056,-0.0054910034,-0.024114411,0.0015461419,0.00659536247168968,0.009302144571178709,True
375,0.0102487693072718,0.004218353,-0.00084075856,0.013476035,0.0041909189963577785,-0.00603041634871181,True
376,0.001658682152761,0.0010104576,-0.0014166883,0.005090465,0.0018927151338847738,-0.000648224516903835,True
377,0.0042227610469785,0.002356062,-0.0012791486,0.008653369,0.0027832997325385857,-0.0018666991022404699,True
378,0.0014294356164229,0.0012145174,-0.0034119908,0.00710502,0.0024051290909370762,-0.00021491821954817427,True
379,0.0003701061103271,0.0003065882,-0.003225209,0.005474387,0.00214044864434055,-6.351792018503469e-05,True
380,-0.0028304770367338005,-0.0012799143,-0.0061537903,0.0027440032,0.002274752288096799,0.001550562750746185,True
381,-0.0056766607997231,-0.0028429283,-0.010291579,0.002031439,0.0031964961814659235,0.0028337325168065544,True
382,-0.0080486183271976,-0.0041456157,-0.014944075,0.0016881945,0.004681174678542647,0.003903002593037653,True
383,-0.0034342716633174,-0.0021547934,-0.008470694,0.001939115,0.002952907537321828,0.001279478305840808,True
384,0.0018240216394339,0.0019227802,-0.0026178446,0.008298217,0.0033089987526010297,9.875854277869114e-05,True
385,0.014015945436353098,0.007267491,-0.00084075856,0.020369317,0.0063402775262975395,-0.006748454475695501,True
386,-0.0014789938523175,0.00042103932,-0.0044558016,0.006642687,0.0027583709398378846,0.0019000331758728057,True
387,0.0056499806504959,0.0040226146,-0.0008685762,0.014252675,0.0043928684572958005,-0.0016273660857492817,True
388,-0.0006712808369611,-0.00028521457,-0.0047739707,0.0037028885,0.0019783070633058787,0.00038606626707581634,True
389,0.0007506937530339,-2.6984111e-05,-0.0035569603,0.004434289,0.0019635713704341325,-0.0007776778642069784,True
390,-0.0037383190523568002,-0.0017446573,-0.008669782,0.00261053,0.0026464131571389844,0.0019936617631200163,True
391,-0.0056327312711078,-0.0028601326,-0.009381452,0.0036729844,0.003173556389158197,0.002772598666270382,True
392,0.0087667207262431,0.0054086107,-0.00084075856,0.017763585,0.005175561291017267,-0.003358110043308578,True
393,0.0122383082325485,0.0053903335,-0.00084075856,0.017018182,0.004993682268819233,-0.0068479747551408055,True
394,0.0021919211872316,0.0023775967,-0.0015882,0.009352472,0.0032238536927252075,0.0001856754965686206,True
395,0.0029171153407644,0.0018091385,-0.0017524394,0.0063703824,0.0022103931716658033,-0.0011079768853362168,True
396,0.0008115989762168001,0.0011512465,-0.0019559662,0.0072304937,0.002492258200250714,0.00033964750815223947,True
397,0.0052465781349779,0.0035602155,-0.0010004018,0.009919719,0.0033037048979550287,-0.001686362667390787,True
398,-0.0006519977554262999,-0.00011952731,-0.0040085157,0.003749005,0.0019530571919946771,0.000532470448320118,True
399,0.007528365505246201,0.0040133162,-0.000901296,0.013104415,0.004186460202815272,-0.003515049265084544,True
400,-0.0006008303969786001,0.00012728802,-0.0038926632,0.0055432473,0.0023119524815810024,0.0007281184150990528,True
401,-0.0162368517407336,-0.0077026985,-0.019550575,0.0010062187,0.005869487532848414,0.008534153275296903,True
402,0.0124162861140497,0.0049364087,-0.0025656556,0.019617954,0.006252449048725507,-0.007479877396864442,True
403,0.0106277707226331,0.0053715063,-0.00084075856,0.016565144,0.00540395582051563,-0.005256264396732546,True
404,-0.0031914247092839,-0.001496747,-0.007046481,0.0043064672,0.0029741476850603204,0.0016946776895831938,True
405,0.0023077459317481,0.0010454863,-0.0032878697,0.0066841044,0.0023674050130495605,-0.0012622596240451415,True
406,0.0082076825940086,0.0042891065,-0.00084075856,0.014902501,0.004568191314650983,-0.003918576128132498,True
407,0.0005704205400905,0.00045389417,-0.0036827964,0.0051666205,0.0022577257699360853,-0.000116526367993875,True
408,0.0057259171287955,0.003294264,-0.0019111902,0.01259447,0.0036932720882265637,-0.00243165316241395,True
409,-0.0009494041426523999,-0.0007680409,-0.006111702,0.0026726844,0.002169460508097798,0.0001813632537096218,True
410,-0.013768609419845399,-0.00801153,-0.024329767,0.00054366945,0.007443464024335863,0.005757079266392049,True
411,0.0095341683042168,0.0044983826,-0.0011712116,0.020125194,0.005178155958258033,-0.0050357857395827155,True
412,0.00580437267404,0.0032332558,-0.003008709,0.011183883,0.0035966375117449513,-0.0025711168555537867,True
413,-0.004815043575961,-0.002444689,-0.010114881,0.0032344398,0.00358996362419054,0.002370354646716124,True
414,-0.0060234264658172,-0.0036187803,-0.016096411,0.0019948657,0.004274186360647351,0.0024046461751092542,True
415,0.0012634014951035,-0.00016077334,-0.0061397403,0.0053311223,0.002793414717297253,-0.0014241748380444564,True
416,0.0209028886664034,0.009905815,-0.00084075856,0.026955606,0.007979553448958785,-0.01099707354189168,True
417,0.0003478870265021,0.0005505534,-0.0040923785,0.006574158,0.0027992256717043118,0.0002026663507499721,True
418,-0.0037939392446684,-0.0019461983,-0.0074881236,0.004285538,0.002639535180210794,0.0018477409563171028,True
419,0.0017048955387209,0.001414685,-0.002194056,0.008649255,0.0028382129766322257,-0.00029021049428325316,True
420,-0.0016595313211122,-0.00096829236,-0.0056969407,0.004496685,0.002483809670324844,0.0006912389655747855,True
421,0.0052154704557999,0.0023495425,-0.00090064475,0.008162441,0.002592166825042141,-0.002865928001914822,True
422,0.0079759364333879,0.00444661,-0.00087631354,0.014551455,0.0042922195730237395,-0.0035293265563379767,True
423,-0.001193974574963,-0.0002703661,-0.004449671,0.0054852446,0.0025870112304031737,0.0009236084883384372,True
424,-0.0102454062759179,-0.005258027,-0.018847138,0.00024170981,0.0052668455352903225,0.004987379277427805,True
425,0.0051279328530016,0.0020500426,-0.003353209,0.011156389,0.0034624779957944437,-0.0030778902349355274,True
426,0.0102514022849836,0.00514512,-0.00084075856,0.017352987,0.005525392115182193,-0.005106282316181864,True
427,-0.0065499229920503,-0.002914554,-0.009733211,0.00254081,0.003241079716041961,0.0036353690182265143,True
428,-0.0011228682680281,-0.00042377017,-0.0060042837,0.0050354046,0.0025279395507133433,0.0006990981029572087,True
429,0.011139512586668,0.0056177243,-0.00084075856,0.016422283,0.005174631611659621,-0.005521788320764765,True
430,-0.0019263840021218998,-0.00023835123,-0.0040371446,0.004514856,0.002166024545217411,0.0016880327692840142,True
431,-0.0028752210514951,-0.0012492572,-0.008105234,0.0041263523,0.0027264508483464634,0.0016259638091880332,True
432,-0.0065040228597376,-0.003116805,-0.011185401,0.0024450137,0.003547319763824596,0.003387217753336156,True
433,0.0062981842384804,0.003371977,-0.0011073642,0.013938063,0.0042526955478828414,-0.0029262072240132803,True
434,0.0056332530443431,0.0031528494,-0.00085420435,0.010039261,0.003674621290036259,-0.0024804036588282445,True
435,0.0088647655163601,0.0056335917,-0.001253873,0.01582789,0.004820959946503523,-0.003231173842091855,True
436,0.0032313090945288,0.0024413008,-0.0025904751,0.008607298,0.0032470821073818366,-0.0007900083168103753,True
437,-0.0014031718343267,-0.00027752033,-0.0052588787,0.0060517523,0.0027128060159280964,0.001125651502306924,True
438,-0.0030596403820319,-0.0011248289,-0.0058387443,0.0047120573,0.002309542466630798,0.0019348114445684374,True
439,-0.0028037219828057,-0.0006569937,-0.005068491,0.0057076267,0.002240967886934928,0.002146728272369773,True
440,0.008593595582706,0.0044370084,-0.0018167588,0.013340033,0.00458904510451836,-0.004156587175739076,True
441,0.0011158627007616,0.00082580786,-0.0027462775,0.0066892873,0.0022461933450522503,-0.00029005484110613037,True
442,-0.0020156145269577,-0.0008923714,-0.006195665,0.0030151233,0.0021770246507372927,0.0011232431220416519,True
443,-0.007265388203672401,-0.003796642,-0.01356062,0.0008834428,0.003914882708944758,0.003468746255970828,True
444,0.0010905275233378,0.000851154,-0.0031586385,0.005974076,0.0026816885292785713,-0.0002393735451911873,True
445,-0.0124110356192622,-0.005842503,-0.020283606,0.0011866195,0.005765615026661677,0.006568532459023934,True
446,0.0110380501356995,0.005087749,-0.00084075856,0.01641296,0.004804893913643666,-0.005950301034477938,True
447,-0.0003747011900415,-0.00055627193,-0.005452494,0.0039714747,0.0025761613038564504,-0.00018157074064935477,True
448,0.0014444494736345,0.000760951,-0.0057944013,0.0058663394,0.003012678585270053,-0.0006834984524139651,True
449,-0.0095019818322125,-0.0053049824,-0.01893445,0.0014812464,0.005271868004246124,0.004196999412155442,True
450,0.0074172219833424004,0.0044555464,-0.0017540103,0.018111035,0.005402593391003341,-0.0029616756005277547,True
451,-0.014657587802248498,-0.007826007,-0.023959868,0.0008033735,0.007578392588654411,0.00683158083094885,True
452,-0.012094195787459098,-0.0079889735,-0.026066437,0.0013300651,0.007739276627078681,0.004105222266762935,True
453,-0.0020586245275039,-0.0014619997,-0.00996396,0.0057882294,0.00416523344099258,0.0005966248038161322,True
454,-0.0057973750760041,-0.0042247805,-0.015568649,0.000802352,0.004440345550109244,0.0015725945946954015,True
455,-0.0022106017004853,-0.0013342625,-0.010099055,0.0064715487,0.0037960920580202267,0.0008763391543334235,True
456,-0.0087971296540569,-0.0061206385,-0.021154922,0.0017513548,0.006004083833065177,0.002676491197861307,True
457,0.008693351156839,0.006206568,-0.00252218,0.018290956,0.005954761317558372,-0.0024867832919739357,True
458,0.011893566567722,0.0062787193,-0.00084075856,0.02050447,0.006424829571766532,-0.005614847280356324,True
459,0.0002129873779329,7.2811934e-05,-0.0051143095,0.0066798762,0.0029528648124124922,-0.00014017544400007407,True
460,-0.0045869342701194,-0.0039134654,-0.013834375,0.0020193215,0.003946188515259037,0.0006734688484725665,True
461,0.0101573813323253,0.005337822,-0.00084075856,0.017332604,0.005440565383386228,-0.0048195595469647246,True
462,0.0031734080766393,0.0017766575,-0.0038500656,0.008740842,0.0028326394847040925,-0.001396750543738728,True
463,-0.0158555511189281,-0.008897072,-0.028441126,0.0021994507,0.008183053842442561,0.0069584794146596435,True
464,-0.0034413534856316003,-0.0031372723,-0.014741952,0.0038214664,0.004252717918865412,0.0003040811686691198,True
465,0.0090870247250848,0.005593627,-0.00084075856,0.019004175,0.005532753635397586,-0.0034933974994771667,True
466,0.012478557659508,0.006731188,-0.00084075856,0.021770721,0.0060145846255888315,-0.005747369734765301,True
467,0.0102731736912478,0.006444209,-0.00084075856,0.018718682,0.005470985885570583,-0.003828964901630977,True
468,0.0013425282288256,0.0015237866,-0.001892544,0.0074647367,0.0028783610054918746,0.0001812583448452046,True
469,-5.835635193424918e-06,0.00058967253,-0.0027944283,0.0046473374,0.002059019551364666,0.0005955081694543237,True
470,0.0050780326391067,0.0031919815,-0.00084075856,0.010327838,0.0033068074965213723,-0.0018860511744822955,True
471,0.0016480400801667,0.0017004084,-0.0025879412,0.00812319,0.002931975815752874,5.236832732027517e-05,True
472,-0.0002413331738652,0.00090639625,-0.003747694,0.006042149,0.0024541811375972285,0.0011477294236400435,True
473,0.004826148527454,0.0027048409,-0.00084075856,0.009127232,0.0032123388712374935,-0.002121307675506335,True
474,0.0116478277872996,0.0058778287,-0.00084075856,0.018432103,0.005678176024228824,-0.005769999096144882,True
475,-0.002083837474088,0.0004137415,-0.0031606716,0.0057075243,0.0023006512846399665,0.002497578983052449,True
476,0.0011640956878937,0.0014177609,-0.0018650516,0.005781746,0.002311979436781313,0.0002536651657619362,True
477,0.0009159703084911,0.0011121613,-0.0013084208,0.006968795,0.002263604937503113,0.0001961910121430863,True
478,0.0024987497668926,0.001958536,-0.0022133612,0.009047904,0.002905228738927831,-0.000540213782734084,True
479,-0.0027097912093521,-0.00013029334,-0.0040602796,0.0043349736,0.0021531557291780495,0.002579497871491024,True
480,-0.0074081622834719,-0.0025617857,-0.011239881,0.0031393643,0.00348498357099785,0.004846376537106114,True
481,0.006976649076673199,0.0027882191,-0.002427353,0.012397967,0.0037330436611254145,-0.004188429941418577,True
482,0.0002487709068859,0.0004703118,-0.0042632837,0.0071211187,0.002462806434959148,0.0002215408814905207,True
483,-0.0073943172157424995,-0.0032327,-0.011226128,0.0017433807,0.003309000953025545,0.0041616171640026876,True
484,-0.0059929575357541,-0.0028131113,-0.012059629,0.0021524269,0.003950233262255278,0.0031798462435557997,True
485,0.0079958242319288,0.003682187,-0.0018827,0.013471191,0.004015851021508933,-0.004313637172034595,True
486,0.0011154602235352,0.0011400079,-0.0030099899,0.007075114,0.002423957390038268,2.4547642079988984e-05,True
487,0.0015016810037827,0.0016449627,-0.0026609935,0.0073967213,0.0027983799752156605,0.00014328169630115181,True
488,0.0117780158499572,0.00568513,-0.002063227,0.02099802,0.006272760433949902,-0.006092885715732308,True
489,-0.0001998366016368,0.00072553265,-0.0032911084,0.0050924714,0.0021373836363596734,0.0009253692507217256,True
490,-0.001115842050279,-0.0001542125,-0.0036833456,0.0044860477,0.0019560660891504177,0.0009616295547340747,True
491,0.0025775299782409,0.0015112767,-0.0032625499,0.007138506,0.002552603008891261,-0.0010662532786382961,True
492,0.0027067148552095,0.0017333516,-0.0015027489,0.0073390454,0.002679462983250219,-0.0009733632399519386,True
493,0.0084677202418873,0.0041998182,-0.001538736,0.012337932,0.004037500264838531,-0.00426790199954602,True
494,0.0023419114371167,0.0014685399,-0.0029051253,0.0068799,0.0027919802238820933,-0.0008733715006486948,True
495,-0.0003939382809974,-3.9977836e-05,-0.003890476,0.0045037665,0.002029217551837774,0.0003539604445747778,True
496,0.0076351643723205,0.0035987752,-0.0017356203,0.012016646,0.0036954024658946358,-0.004036389123345938,True
497,0.0025181541815171,0.0017754288,-0.0022319143,0.0075845295,0.0027294863339650953,-0.0007427254123384113,True
498,-0.0025291273954115,-0.000671286,-0.005874271,0.0031171425,0.0021131686980454248,0.0018578413759148802,True
499,-0.0015633517188251998,-0.00073601503,-0.006268793,0.003214195,0.002147008843295013,0.0008273366849170115,True
500,-0.0030698791558664,-0.0017831405,-0.0076833926,0.0017087138,0.0023353417105959457,0.0012867386865239297,True
501,0.0039258736791813005,0.0018870346,-0.002443195,0.009595075,0.0034368778902479163,-0.0020388390543663133,True
502,0.0015711962247204,0.0005797093,-0.004258385,0.006053875,0.0026104686725780864,-0.0009914869211550767,True
503,0.000906909856799,0.0008906694,-0.0028849891,0.0059391963,0.002361078425831121,-1.6240443888061772e-05,True
504,-0.0040920134623695,-0.001464224,-0.00795892,0.003359577,0.002653769176293089,0.0026277895075429063,True
505,0.0026719909814295,0.0011758598,-0.0027852966,0.008227773,0.0028206711923975504,-0.0014961311548125572,True
506,0.006176205771185,0.0028603633,-0.0015149906,0.010355816,0.0034582539142002182,-0.0033158424311797215,True
507,0.0050715622695336,0.0030333942,-0.003313775,0.009873063,0.0036249489070315473,-0.0020381680427292246,True
508,0.0054339743609695,0.0034479653,-0.0010312779,0.013318453,0.004145751615810392,-0.0019860091078249976,True
509,0.0010161824764044,0.0013015046,-0.0016270098,0.008483642,0.00241256670916695,0.0002853220787539172,True
510,0.0007407974780654,0.0004969499,-0.003329276,0.006265213,0.002215605427236035,-0.000243847593956201,True
511,0.0101563148781058,0.0038476572,-0.0021750657,0.014819197,0.005267374370648794,-0.00630865764090387,True
512,-0.0088016499692667,-0.0035150154,-0.013819206,0.0027447832,0.004462789880163645,0.005286634613024043,True
513,0.0055018640249651,0.001846132,-0.0024755434,0.00957614,0.0030421327343548438,-0.003655732039889328,True
514,0.0028222164233526,0.00021462055,-0.004578829,0.0042856946,0.0022814160903721833,-0.002607595871792526,True
515,0.0063690499714532,0.0020893656,-0.0023332795,0.007649478,0.002717057052722632,-0.004279684353149782,True
516,-0.0140254415236455,-0.006611838,-0.023098586,-0.0002565935,0.006361681055556281,0.007413603518162349,True
517,-0.00784711214535,-0.0051168,-0.019780127,0.00089334237,0.005772532061125012,0.002730312299058457,True
518,-0.007165879226406001,-0.0043230625,-0.015753767,0.0010751672,0.004650638654071247,0.002842816739459418,True
519,0.0107342172462202,0.0058082575,-0.0035040681,0.020154469,0.006097864092213237,-0.004925959748373119,True
520,-0.0015593176939460998,-0.0010128837,-0.006012523,0.0032377914,0.0022597633630371027,0.0005464339627820616,True
521,-0.0234212422228928,-0.010583661,-0.031557847,-0.00038979092,0.008866094217459904,0.012837581657576123,True
522,-0.0051558890197172,-0.0039636656,-0.014748227,0.0034292575,0.005151845849067954,0.0011922234486534435,True
523,0.0110294204095709,0.006721888,-0.00084075856,0.019243276,0.0062481010098835955,-0.004307532206397024,True
524,0.0008129795718284001,0.0010758933,-0.0058942246,0.0076451832,0.003274995959306031,0.0002629137194438229,True
525,-0.0049725143613676,-0.0026782004,-0.009863659,0.0039321305,0.003314705920318458,0.0022943139916668104,True
526,0.0156699807019177,0.007889707,-0.0013247294,0.025648125,0.007615917894860725,-0.007780274060482078,True
527,-0.013788123791990098,-0.007874226,-0.031860735,0.00034973575,0.008402479441617223,0.005913897594389733,True
528,-0.0185529066085532,-0.010942917,-0.036207825,0.002322336,0.010387078985561555,0.007609989291401175,True
529,-0.0304270413923931,-0.014852654,-0.040778406,0.001586124,0.011771376316682227,0.015574387203521715,True
530,0.0103008494935995,0.0065883044,-0.0074224267,0.023683615,0.00809580334304317,-0.0037125450782543087,True
531,-0.007764715388769399,-0.006041397,-0.021226177,0.0019545895,0.0064247342200375425,0.0017233185138349639,True
532,0.0227811395908988,0.015295285,-0.00084075856,0.041196704,0.012499310486132242,-0.007485854790667344,True
533,0.0046607984343816,0.002924664,-0.005105184,0.013280571,0.004677949222940875,-0.0017361344883490759,True
534,4.303305172009711e-05,0.0004977697,-0.0047662035,0.007322517,0.0031331254223796435,0.0004547366290854072,True
535,0.0167072334190499,0.009223959,-0.00084075856,0.02273647,0.00684865113720263,-0.007483274010349435,True
536,0.0038164365611984,0.002670712,-0.002866502,0.00960394,0.003930381032279709,-0.0011457244906588064,True
537,0.0160044899313041,0.0074719237,-0.00084075856,0.025293048,0.007139794439124327,-0.008532566214937809,True
538,0.0019878023683961,0.0012664379,-0.0034365486,0.007661765,0.0032463805386989267,-0.0007213644364784922,True
539,0.0096753274361777,0.004600478,-0.00084075856,0.016515061,0.004727354987841836,-0.005074849565623969,True
540,-0.0019865272376097,-0.0006597567,-0.0057683312,0.0043375664,0.0030395499860802013,0.0013267705259255324,True
541,0.0042307147210067,0.0018422042,-0.0033287555,0.008177798,0.002992508944058175,-0.002388510472474047,True
542,-0.0089729422566572,-0.0034932974,-0.014213231,0.0021034887,0.004110642008984279,0.005479644877193289,True
543,0.0114179374016644,0.004992086,-0.0015979127,0.01774513,0.005104855783547196,-0.006425851427000903,True
544,-0.0031587101696058002,-0.00046183117,-0.006371678,0.0066641485,0.0029952899139078894,0.002696879004593828,True
545,0.0015939251127232,0.00084407884,-0.003541456,0.0058202627,0.00238499483988615,-0.0007498462757606194,True
546,-0.0059939007947352,-0.002157394,-0.009928039,0.0032425544,0.00320710039394179,0.0038365067189689945,True
547,-3.937984343658623e-05,0.0008171818,-0.006240351,0.0069641764,0.0030065249147447617,0.0008565616187829845,True
548,0.0100424570791441,0.0051039155,-0.0026286251,0.017577467,0.005295702269119254,-0.004938541615011076,True
549,-0.0213779633723976,-0.0076005836,-0.022318413,0.00033979226,0.007054569063753702,0.013777379770654616,True
550,-0.0016038290273809,-0.0016169681,-0.012738041,0.006110182,0.004359973944481592,-1.3139047432585106e-05,True
551,-0.0030225810146741,-0.0022869084,-0.0097648315,0.0027745739,0.003305241894478852,0.0007356725650689926,True
552,-0.0174109445074244,-0.01100005,-0.029059466,-0.0005597049,0.009635513723768642,0.006410894275610014,True
553,0.0115135344358182,0.006270438,-0.0030484057,0.020151185,0.006265533506367352,-0.005243096468786006,True
554,0.0044626999777935,0.0021248187,-0.0066290293,0.010462813,0.003993349480417138,-0.0023378812373809075,True
555,0.0106085556498433,0.0058408007,-0.00085382006,0.017405314,0.00585614012447701,-0.0047677549472714305,True
556,0.0074673521568026,0.0043766727,-0.0037623255,0.016579047,0.005203545556525946,-0.0030906794828321387,True
557,0.005393142234356,0.0030421496,-0.0023903924,0.012060699,0.003920535599524146,-0.002350992644027664,True
558,0.0012558408673102,0.0008721859,-0.003932605,0.005506857,0.0025055790201592267,-0.0003836549478763679,True
559,0.0002645150938964,3.9741135e-05,-0.004264113,0.0054251174,0.002293393917851624,-0.0002247739589268824,True
560,-0.0029006587083132,-0.0012439085,-0.0066192513,0.00315914,0.002270223997813356,0.0016567501679674718,True
561,0.0168343568927251,0.0071430737,-0.00084075856,0.02099803,0.006362870751744132,-0.009691283177455535,True
562,-0.0019429136300157,-0.0001258826,-0.0036330542,0.004371766,0.002077990511321923,0.001817031035868003,True
563,0.0028053344257131,0.0014940647,-0.0027790447,0.008068269,0.0028028732420755714,-0.0013112697314426082,True
564,0.0025080311033453,0.0014448512,-0.0022875955,0.009091243,0.002946093922810705,-0.0010631799386392488,True
565,-0.0018629832062121,-0.000934497,-0.005646624,0.0034208281,0.0021987918001471606,0.0009284862186010447,True
566,0.0040305421581992,0.002325726,-0.0021847938,0.008872704,0.00272121218768205,-0.0017048161836841196,True
567,-0.0012540029000720997,0.00014439097,-0.00443551,0.005997909,0.00236339143873395,0.0013983938714719434,True
568,0.0042276036584415,0.0026139675,-0.0027274762,0.011055827,0.0032664509774389143,-0.0016136361410506528,True
569,-0.0093678486944544,-0.0031826363,-0.011810406,0.0023863616,0.003859103414435701,0.0061852123533743305,True
570,0.0001383813269864,-0.00023194525,-0.0057964846,0.0058965804,0.002720843249838345,-0.0003703265739101149,True
571,-0.0016828286544585999,-0.00094762305,-0.006577433,0.003470285,0.0022884345277319235,0.0007352056064809139,True
572,0.0089302556991863,0.0039463425,-0.00087250856,0.014233733,0.004475001502747819,-0.004983913193671679,True
573,-0.0096322638293887,-0.004353289,-0.0137464665,0.001568268,0.004300101126899543,0.005278974802621685,True
574,0.0096427068046943,0.00549297,-0.0037775268,0.019401127,0.006110254682657975,-0.004149736922951107,True
575,0.0070882310169945,0.003855011,-0.0025037439,0.012985362,0.004348712538550539,-0.003233220056743407,True
576,-0.0020722685059824,-0.0009320901,-0.0061682784,0.002855183,0.002213801629239751,0.0011401784051501165,True
577,0.0060336087072987,0.0038318385,-0.00097158615,0.01338684,0.0040685922632374225,-0.0022017702168572583,True
578,0.007678114574594301,0.0038556384,-0.0010083464,0.011958466,0.004321254174500977,-0.0038224761357585606,True
579,-0.0076385660375134,-0.0032183265,-0.016217478,0.002137901,0.004134038756116316,0.004420239552728916,True
580,0.0046682327827797,0.0023937782,-0.0025584782,0.012373057,0.0037782851226314776,-0.0022744546020761792,True
581,-0.0001711751285381,0.00013797119,-0.003737706,0.0050067385,0.0022042215310069716,0.00030914631880813646,True
582,0.0039636869427743,0.0020671769,-0.0021209477,0.008686063,0.002865307537161951,-0.0018965100848110953,True
583,-0.001824432756419,-0.00086588366,-0.006084206,0.0044440506,0.002494367857254602,0.0009585490968475909,True
584,-0.00047496666719569995,-0.00017739815,-0.004489563,0.004526783,0.0021985121628650284,0.00029756851780592635,True
585,-0.0092338242676795,-0.0042590974,-0.014262533,0.000685111,0.004257117300946011,0.0049747268778026574,True
586,0.0021434731305568,0.0009691783,-0.0063168267,0.0070848144,0.0031208213819658337,-0.0011742948544202826,True
587,-0.00029949201318619996,-3.211046e-05,-0.0050622416,0.005248618,0.002419699018495349,0.00026738155331647247,True
588,0.0026479346267329,0.0015622216,-0.0018775669,0.0074348617,0.0025289821851960993,-0.0010857130688996458,True
589,0.0016128259449012,0.0012776179,-0.0026020652,0.006188814,0.0022236219404820996,-0.0003352080675519426,True
590,-0.0033056916724880994,-0.0019655086,-0.007864369,0.0032854294,0.003161606617091324,0.001340183109044081,True
591,-0.0187901349287453,-0.008101438,-0.02811935,-0.0001074398,0.008582328205462625,0.01068869675658372,True
592,0.0040841580045254,0.00065282034,-0.004662968,0.008628756,0.0031878980226730243,-0.003431337666961647,True
593,-0.0028160448131901994,-0.0026447743,-0.013352797,0.0051638265,0.004276694477857188,0.00017127054201493408,True
594,0.012191031029563,0.0081890095,-0.00084075856,0.027367694,0.007333249161221661,-0.004002021527032901,True
595,0.0249812809571866,0.009298771,-0.0010893227,0.028544303,0.008206346069410128,-0.01568251026871242,True
596,0.0074037541739956,0.0036297396,-0.0020174347,0.01284262,0.004259885801723472,-0.003774014544890867,True
597,0.003749794035718,0.0021162524,-0.0023387575,0.009902289,0.003155600558377257,-0.0016335416003467203,True
598,0.0009685941909569,0.000520125,-0.0041297413,0.005106515,0.0022735059309776833,-0.0004484692176933084,True
599,-0.0028968514769364,-0.0015145583,-0.005820746,0.002940895,0.002334102504856504,0.0013822931458268165,True
600,0.0002322007641401,-0.0003250647,-0.0048364666,0.0052648126,0.0026556406373432133,-0.0005572654628399618,True
601,-0.006068108582244001,-0.0033736909,-0.013642796,0.001509865,0.003714935267578091,0.002694417701408945,True
602,-0.013291430866793701,-0.005457578,-0.016299563,0.003907862,0.0055084312430195145,0.007833852639869758,True
603,0.0039101597462065,0.0015253653,-0.0065722787,0.010142979,0.004147822215279136,-0.0023847944643564005,True
604,0.0039557505205964,0.0028421981,-0.0014957217,0.010500665,0.003213311092135765,-0.001113552394578353,True
605,2.1950621335444594e-05,0.00070578227,-0.0037917928,0.006959769,0.0026258430386653514,0.0006838316445325933,True
606,0.0053262518442884,0.0031388442,-0.0014488929,0.010475125,0.003743739557956078,-0.0021874076876506124,True
607,0.0034619595915364,0.002231489,-0.0032756638,0.010711353,0.0038430854241777584,-0.0012304706558870049,True
608,0.0030159278201245,0.0013029736,-0.0031854021,0.005859389,0.002837040517103077,-0.0017129542200200487,True
609,0.0057056971552638,0.0028126545,-0.0012484954,0.009186115,0.0030668462521904805,-0.0028930426767883486,True
610,-0.0038084810835777006,-0.0015293241,-0.006742601,0.0033248235,0.002439814199200477,0.0022791569822935543,True
611,0.0055921203968016,0.0024725627,-0.0017882069,0.011118017,0.003434530770765103,-0.003119557681390414,True
612,0.0024454638805813,0.0018910446,-0.0031318194,0.008834952,0.0029599303755305987,-0.0005544193300059839,True
613,0.0004513472420221,0.00023666448,-0.0045465925,0.006197824,0.002509885984410189,-0.00021468276533408008,True
614,0.0060331816281361,0.0023922927,-0.0022925907,0.010641694,0.003411267516053651,-0.0036408889069390908,True
615,-0.0018715258393822997,-0.00075045135,-0.004929358,0.003451538,0.002350791991328983,0.0011210744906603187,True
616,0.0024923453675383,0.0011884742,-0.0029250938,0.0061677177,0.0023278047065254715,-0.001303871125894156,True
617,-0.006163167285227399,-0.002270324,-0.0102583235,0.002638913,0.003152288552744556,0.0038928433623697566,True
618,-0.0029682843142792,-0.0020524557,-0.010902712,0.0025405195,0.00330348705592803,0.000915828639422299,True
619,0.0081326264113682,0.0033022678,-0.0021066593,0.013119647,0.0041670704287253,-0.004830358658780405,True
620,-0.0054287314614632,-0.0028635485,-0.009841502,0.00087157806,0.002862917692769802,0.0025651829982527366,True
621,-2.646698937187398e-05,-0.0003654501,-0.0057356306,0.0045871558,0.0025284843391495497,-0.0003389831157923261,True
622,0.0037921550087843996,0.001954879,-0.002629408,0.009038123,0.003167867925049148,-0.001837276095545755,True
623,-0.0038714794806554,-0.0019726483,-0.008592008,0.002544221,0.0029206494972986233,0.001898831165523736,True
624,-0.0299365053045181,-0.011295436,-0.033029664,-0.0008268568,0.00949240544805249,0.018641069354358074,True
625,-0.0008654867505367,-0.0026902254,-0.016970785,0.004712133,0.005098484087626197,-0.0018247386234168808,True
626,0.0108104794023972,0.0061224154,-0.0030672825,0.02342836,0.006885258132911294,-0.004688063982729241,True
627,0.0072608495856163,0.0035760119,-0.006111393,0.015040603,0.004805933980964488,-0.00368483772301049,True
628,0.0109822331651268,0.0056243935,-0.0029854798,0.019611374,0.006003608541369907,-0.005357839698266744,True
629,-0.00040574108825780004,-2.0786363e-05,-0.0051098657,0.007890302,0.003492119180963021,0.00038495472509197443,True
630,-0.0111173049649122,-0.0066335346,-0.022359068,0.00067195855,0.006464486355853176,0.00448377040306952,True
631,-0.0107596739417297,-0.0068020183,-0.020010361,0.0008679135,0.006158295084147293,0.003957655675558483,True
