Date,Actual_Return,Predicted_Return,Lower_95_CI,Upper_95_CI,Prediction_Uncertainty,Regime,Absolute_Error,Squared_Error,In_CI_95
2021-09-01,-0.019290218337061082,-0.01623715554568357,-0.02608064214017473,-0.006393668951192411,0.015787065501118323,Normal,0.003053062791377511,9.321192408093838e-06,True
2021-09-02,0.014539508336694389,0.012210029344903789,0.0032551857385527353,0.02116487295125484,0.014361852501008316,Normal,0.0023294789917906004,5.426472373193752e-06,True
2021-09-03,0.014204428599372987,0.013938190718338118,0.005046025376712865,0.02283035605996337,0.014261328579811897,Normal,0.0002662378810348691,7.08826092979371e-08,True
2021-09-06,0.03257715819505232,0.032659869601889616,0.01721341789153357,0.04810632131224566,0.024773147458515696,Crisis,8.271140683729222e-05,6.84117682100407e-09,True
2021-09-07,0.0027052301476255267,-0.004379659615963544,-0.011120844983524244,0.0023615257515971558,0.010811569044287659,Normal,0.007084889763589071,5.01956629622092e-05,False
2021-09-08,0.00721479630175134,0.006702587790053518,-0.0008821334578510759,0.01428730903795811,0.012164438890525403,Normal,0.0005122085116978222,2.6235755945569813e-07,True
2021-09-09,0.006510950560059471,-0.0031624304372024044,-0.013733073554642313,0.007408212680237505,0.01695328516801784,Crisis,0.009673380997261876,9.357429991818716e-05,True
2021-09-10,0.007850691028762234,0.005527463319146622,-0.0021762050735657755,0.01323113171185902,0.012355207308628671,Normal,0.0023232277096156117,5.397386990725801e-06,True
2021-09-13,0.018221110665903362,0.014355225437886721,0.00471172053780919,0.02399873033796425,0.015466333199771008,Normal,0.0038658852280166415,1.494506859619728e-05,True
2021-09-14,-0.004659641669470465,-8.164368530015491e-05,-0.007188411059485904,0.007025123688885593,0.01139789250084114,Normal,0.00457799798417031,2.095806554306742e-05,True
2021-09-15,-0.021043363002413943,-0.014730557027861775,-0.024901977702509546,-0.004559136353214005,0.016313008900724183,Normal,0.006312805974552168,3.9851519272341545e-05,True
2021-09-16,-0.017241609413648475,-0.008581580213966121,-0.01804186472811743,0.0008787043001851867,0.015172482824094544,Normal,0.008660029199682354,7.499610573935099e-05,True
2021-09-17,-0.005139569740066779,-0.003471716908774669,-0.010668257120013007,0.003724823302463669,0.011541870922020034,Normal,0.0016678528312921099,2.781733066849107e-06,True
2021-09-20,0.00617459897565516,-0.002679059204732502,-0.010069206576301535,0.00471108816683653,0.011852379692696547,Normal,0.008853658180387662,7.838726317514537e-05,False
2021-09-21,-0.008641312725787336,-0.0026388665434836553,-0.01049042449949892,0.005212691412531608,0.012592393817736202,Normal,0.006002446182303681,3.602936017145203e-05,True
2021-09-22,0.019829994331693475,0.017475401579884167,0.004413367732325991,0.03053743542744234,0.02094899829950804,Crisis,0.0023545927518093084,5.544107026872931e-06,True
2021-09-23,0.0030400991650549524,0.009051153732462212,-0.0008702500597381011,0.018972557524662523,0.015912029749516485,Crisis,0.006011054567407259,3.613277701234767e-05,True
2021-09-24,0.029883283681291926,0.019332663488200754,0.004390113867721328,0.03427521310868018,0.023964985104387576,Crisis,0.010550620193091172,0.00011131558645886319,True
2021-09-27,0.037971800222417945,0.029026085936175724,0.0156881202536101,0.04236405161874135,0.021391540066725383,Normal,0.008945714286242221,8.002580409107818e-05,True
2021-09-28,-0.002385357798769782,0.004005251669454979,-0.0026761000480010786,0.010686603386911037,0.010715607339630935,Normal,0.006390609468224761,4.0839889375363963e-05,True
2021-09-29,0.03825076786339083,0.027054310116931747,0.010546582629097436,0.043562037604766055,0.02647523035901725,Crisis,0.011196457746459082,0.0001253606660682436,True
2021-09-30,-0.0001803305349903461,-0.003263412094633577,-0.009532302934354702,0.003005478745087549,0.010054099160497104,Normal,0.0030830815596432307,9.505391903412135e-06,True
2021-10-01,-0.026170930380586436,-0.027862580834569543,-0.04211071704528157,-0.013614444623857518,0.022851279114175928,Crisis,0.0016916504539831075,2.8616812584612535e-06,True
2021-10-04,-0.0026373663488603615,-0.0010730341489422063,-0.007801525268923795,0.005655456971039382,0.010791209904658108,Normal,0.0015643321999181553,2.447135231700775e-06,True
2021-10-05,0.023493770757325116,0.014901600442904927,0.004271819298071043,0.02553138158773881,0.017048131227197533,Normal,0.00859217031442019,7.382539071200353e-05,True
2021-10-06,0.01761421305288127,0.013335415065402978,0.003805433261513053,0.022865396869292905,0.01528426391586438,Normal,0.004278797987478291,1.830811221764827e-05,True
2021-10-07,0.0015194656605016328,0.0040148504970677215,-0.0025045319616673785,0.010534232955802822,0.01045583969815049,Normal,0.0024953848365660888,6.226945482563966e-06,True
2021-10-08,-0.016188883757384316,-0.011321468021171252,-0.020584835175011758,-0.0020581008673307474,0.014856665127215295,Normal,0.004867415736213064,2.3691735949134568e-05,True
2021-10-11,0.0015424168295879706,0.0041856215533225315,-0.0054556336072477075,0.01382687671389277,0.01546272504887639,Crisis,0.0026432047237345607,6.986531211572696e-06,True
2021-10-12,-0.04009476675847478,-0.03180245043670899,-0.048655106722160495,-0.014949794151257488,0.027028430027542433,Crisis,0.008292316321765789,6.87625099802233e-05,True
2021-10-13,-0.012856584572218943,-0.012407176134416175,-0.021047220815393966,-0.0037671314534383857,0.013856975371665683,Normal,0.0004494084378027681,2.0196794396832447e-07,True
2021-10-14,-0.010346465366819659,-0.00342110616902552,-0.011591621067907218,0.004749408729856179,0.013103939610045898,Normal,0.006925359197794139,4.796060001847189e-05,True
2021-10-15,0.020772917183165856,0.014435348571534778,0.004314516078638381,0.024556181064431176,0.016231875154949758,Normal,0.006337568611631077,4.016477590713146e-05,True
2021-10-18,-0.009908041878246844,-0.00594077127705186,-0.01402927696911477,0.00214773441501105,0.012972412563474053,Normal,0.003967270601194985,1.5739236023106014e-05,True
2021-10-19,-0.008774149852039252,-0.004387592610609358,-0.012263998385329475,0.003488813164110759,0.012632244955611776,Normal,0.004386557241429894,1.9241884432341038e-05,True
2021-10-20,0.00266643032756557,-0.0038298321979364724,-0.010563759873902713,0.002904095478029768,0.010799929098269672,Normal,0.006496262525502042,4.220142680024217e-05,True
2021-10-21,0.023979221052707483,0.026466887534548074,0.01574630059414915,0.037187474474947,0.017193766315812244,Normal,0.0024876664818405912,6.188484524873145e-06,True
2021-10-22,-0.006293908251995044,-0.0064859328413399715,-0.01389839758269822,0.0009265319000182765,0.011888172475598513,Normal,0.00019202458934492773,3.6873442913088134e-08,True
2021-10-25,0.00551724394292312,0.006354318610255456,-0.004030446939932719,0.016739084160443632,0.016655173182876935,Crisis,0.0008370746673323362,7.006939986895414e-07,True
2021-10-26,-0.01170662248564062,-0.008846356793959976,-0.017271295576075082,-0.0004214180118448669,0.013511986745692185,Normal,0.002860265691680644,8.181119827005354e-06,True
2021-10-27,-0.04588433687250222,-0.044954447420746384,-0.0628900704387029,-0.027018824402789868,0.028765301061750667,Crisis,0.0009298894517558373,8.646943924867717e-07,True
2021-10-28,-0.004585338280357179,0.0036099608297854072,-0.0034829077407003742,0.010702829400271188,0.011375601484107154,Normal,0.008195299110142586,6.716292750470385e-05,False
2021-10-29,-0.007722703313578288,-0.005183010844307037,-0.01286273852380867,0.002496716835194597,0.012316810994073488,Normal,0.0025396924692712517,6.450037838473108e-06,True
2021-11-01,-0.002182842733176631,0.005659442763526434,-0.004101607120064875,0.015420492647117742,0.015654852819952988,Crisis,0.007842285496703065,6.150144181179924e-05,True
2021-11-02,0.018366136895974897,0.016165449720847415,0.006494816971997908,0.025836082469696924,0.015509841068792468,Normal,0.0022006871751274817,4.843024042770575e-06,True
2021-11-03,0.02219473574640569,0.01332852402859377,0.0029417335848788643,0.023715314472308673,0.016658420723921707,Normal,0.008866211717811922,7.860971022506542e-05,True
2021-11-04,-0.03976543311696084,-0.029052035756624413,-0.045843088612006005,-0.01226098290124282,0.026929629935088253,Crisis,0.010713397360336427,0.00011477688300046352,True
2021-11-05,0.009789827455611647,0.014727564880219928,0.0035435921842576212,0.025911537576182236,0.017936948236683493,Crisis,0.004937737424608282,2.4381250874377227e-05,True
2021-11-08,0.007563246642666846,0.00901062536933804,0.0013607248214665604,0.01666052591720952,0.012268973992800053,Normal,0.0014473787266711946,2.0949051784203287e-06,True
2021-11-09,0.008792574147072095,0.010563843044527298,0.0026839909174533032,0.018443695171601292,0.012637772244121628,Normal,0.0017712688974552034,3.1373935070921717e-06,True
2021-11-10,0.016507069786385935,0.019432411034072408,0.010109525664307418,0.0287552964038374,0.014952120935915782,Normal,0.0029253412476864735,8.557621415415854e-06,True
2021-11-11,-0.007587162894916595,-0.004047481886290287,-0.011701856083334773,0.003606892310754199,0.012276148868474978,Normal,0.0035396810086263083,1.2529341642829759e-05,True
2021-11-12,-0.005813566818451108,-0.007885089403877955,-0.015207703986670634,-0.0005624748210852765,0.011744070045535333,Normal,0.002071522585426847,4.291205821933528e-06,True
2021-11-15,-0.010424461498050602,-0.006259747128194379,-0.014444851575820386,0.0019253573194316287,0.013127338449415181,Normal,0.004164714369856223,1.7344845782486916e-05,True
2021-11-16,0.005731342171984945,0.006286721854541704,-0.0010205122155425963,0.013593955924626006,0.011719402651595483,Normal,0.0005553796825567593,3.0844659179684673e-07,True
2021-11-17,-0.0023125704963415025,-0.0017363973923595602,-0.008404133897368734,0.004931339112649614,0.01069377114890245,Normal,0.0005761731039819423,3.3197544575218615e-07,True
2021-11-18,0.012535033388506598,0.004170454472208054,-0.004409442524589458,0.012750351469005567,0.013760510016551979,Normal,0.008364578916298543,6.996618044698612e-05,True
2021-11-19,0.0008695557995652655,0.0010713639876636669,-0.00844402930462241,0.010586757279949743,0.015260866739869578,Crisis,0.00020180818809840137,4.072654478355975e-08,True
2021-11-22,0.01522406010848341,0.025824078315941676,0.013623606456165168,0.03802455017571818,0.019567218032545023,Crisis,0.010600018207458265,0.00011236038599844674,True
2021-11-23,0.006021114211272387,0.003311372339689003,-0.004050064973879318,0.010672809653257323,0.011806334263381716,Normal,0.002709741871583384,7.34270101061222e-06,True
2021-11-24,0.009172446743079897,0.00762977359559634,-0.0003211355142871417,0.015580682705479822,0.012751734022923969,Normal,0.001542673147483557,2.379840439966825e-06,True
2021-11-25,0.019551973835904974,0.009975602076469518,8.315286615108441e-05,0.019868051286787952,0.01586559215077149,Normal,0.009576371759435456,9.170689607491293e-05,True
2021-11-26,0.005343843130853198,0.006689553534298087,-0.00366277656607904,0.017041883634675212,0.016603152939255957,Crisis,0.0013457104034448886,1.8109364899398047e-06,True
2021-11-29,0.02637517805957962,0.014330444531432913,4.410281717148572e-05,0.028616786245694338,0.022912553417873883,Crisis,0.012044733528146709,0.00014507560576406146,True
2021-11-30,-0.04361145471855969,-0.02891306802404308,-0.046423537583082104,-0.011402598465004056,0.028083436415567906,Crisis,0.014698386694516612,0.00021604257142154295,True
2021-12-01,-0.01933419165364568,-0.01325319732250361,-0.026222488911891058,-0.00028390573311616076,0.020800257496093703,Crisis,0.00608099433114207,3.6978492055381985e-05,True
2021-12-02,-0.0033989952703495064,-0.010760157178781623,-0.017631114624974197,-0.003889199732589047,0.011019698581104851,Normal,0.007361161908432116,5.4186704642151945e-05,False
2021-12-03,0.01696319065629185,0.020282994127095336,0.007757209594760213,0.03280877865943046,0.020088957196887552,Crisis,0.003319803470803486,1.1021095084758874e-05,True
2021-12-06,-0.019523889440614475,-0.02431433537897191,-0.034201531269060496,-0.014427139488883321,0.01585716683218434,Normal,0.004790445938357434,2.294837228832524e-05,True
2021-12-07,0.005147827806738539,0.002210045347980386,-0.0049880395740575754,0.009408130270018349,0.011544348342021562,Normal,0.0029377824587581525,8.630565774987096e-06,True
2021-12-08,-0.02601603764759398,-0.016479348855359323,-0.030698511640819763,-0.0022601860698988844,0.022804811294278193,Crisis,0.009536688792234658,9.094843311993413e-05,True
2021-12-09,0.014726194076643329,0.017123130560083515,0.008133366494731897,0.026112894625435132,0.014417858222992998,Normal,0.002396936483440186,5.745304505646605e-06,True
2021-12-10,-0.0013635722691691518,-0.005578692330269078,-0.012068914185832379,0.0009115295252942225,0.010409071680750746,Normal,0.0042151200610999265,1.7767237129487048e-05,True
2021-12-13,-0.004001114734616135,0.000652020227049978,-0.009449146115867618,0.010753186569967573,0.016200334420384842,Crisis,0.004653134961666114,2.1651664971479505e-05,True
2021-12-14,-0.022782989037332696,-0.020894023509391138,-0.031390849539827244,-0.010397197478955032,0.01683489671119981,Normal,0.001888965527941558,3.5681907657515286e-06,True
2021-12-15,-0.002462089149065737,-0.0008963135219618222,-0.007592018204849523,0.005799391160925879,0.010738626744719721,Normal,0.0015657756271039147,2.4516533144326577e-06,True
2021-12-16,-0.0033647497827515214,-0.00118357824014403,-0.008048129904374111,0.0056809734240860525,0.011009424934825457,Normal,0.0021811715426074915,4.757509298280744e-06,True
2021-12-17,-0.03262496058303625,-0.01705987500036014,-0.032515268375624164,-0.0016044816250961186,0.024787488174910874,Crisis,0.015565085582676112,0.00024227188919603176,False
2021-12-20,0.004820031100868741,0.0038403253439955134,-0.003296443639122975,0.010977094327114002,0.011446009330260623,Normal,0.0009797057568732277,9.59823370050544e-07,True
2021-12-21,0.0050270434710429366,0.003201409034448818,-0.003974082600904675,0.010376900669802312,0.01150811304131288,Normal,0.0018256344365941185,3.3329410960783246e-06,True
2021-12-22,0.017195592878344806,0.018180730816532337,0.005611474338942797,0.03074998729412188,0.020158677863503442,Crisis,0.0009851379381875316,9.704967572563808e-07,True
2021-12-23,0.01186040068584764,0.014904930669207839,0.006451226940520064,0.023358634397895615,0.013558120205754292,Normal,0.0030445299833601995,9.269162819579256e-06,True
2021-12-24,0.004633857614106816,0.006643101121639503,-0.00045884322188283807,0.013745045465161844,0.011390157284232046,Normal,0.0020092435075326877,4.037059472562258e-06,True
2021-12-27,-0.0003826496528977191,0.005554349139479717,-0.0007523864572316699,0.011861084736191104,0.010114794895869316,Normal,0.005936998792377436,3.524795466069113e-05,True
2021-12-28,-0.017948072516771517,-0.0030324392427879933,-0.015742450629507847,0.009677572143931862,0.020384421755031454,Crisis,0.014915633273983524,0.00022247611596396447,False
2021-12-29,-0.012407293371192687,-0.009882990822514027,-0.018438993439170017,-0.0013269882058580366,0.013722188011357807,Normal,0.0025243025486786606,6.372103357265582e-06,True
2021-12-30,-0.04202584552452648,-0.030206589619389785,-0.04742046340809146,-0.012992715830688107,0.027607753657357945,Crisis,0.011819255905136692,0.00013969481015110857,True
2021-12-31,-0.09193879962064339,-0.07485846292017499,-0.10140879308517615,-0.04830813275517383,0.04258163988619301,Crisis,0.017080336700468393,0.0002917379018013675,True
2022-01-03,-0.027397872214571156,-0.03225527584196555,-0.046732917380837395,-0.01777763430309371,0.023219361664371344,Crisis,0.004857403627394397,2.359436999942424e-05,True
2022-01-04,0.01527057918215032,0.014398104248716487,0.002188930774102262,0.026607277723330713,0.019581173754645097,Crisis,0.0008724749334338335,7.612125094703722e-07,True
2022-01-05,-0.026180183708657594,-0.021449499646234747,-0.035699366736143094,-0.007199632556326397,0.022854055112597277,Crisis,0.004730684062422847,2.237937169846153e-05,True
2022-01-06,-0.00370808184812997,-0.010579999489336252,-0.02062635263173218,-0.0005336463469403242,0.01611242455443899,Crisis,0.006871917641206282,4.7223252067522107e-05,True
2022-01-07,0.00800252349514626,0.013628519157818477,0.005896449777335037,0.021360588538301917,0.012400757048543879,Normal,0.005625995662672217,3.16518271964066e-05,True
2022-01-10,-0.022107714349839908,-0.017645145987597123,-0.031133238239670825,-0.004157053735523421,0.021632314304951973,Crisis,0.0044625683622427845,1.9914516387690247e-05,True
2022-01-11,-0.02825127168235688,-0.024600059220355616,-0.03923733320428762,-0.009962785236423612,0.023475381504707064,Crisis,0.0036512124620012645,1.3331352442673336e-05,True
2022-01-12,0.012508113891399586,0.012599730339738085,0.004024868763403314,0.021174591916072856,0.013752434167419876,Normal,9.161644833849923e-05,8.3935736061609e-09,True
2022-01-13,-0.005651130856320278,-0.006200837970551661,-0.013493068131066783,0.0010913921899634608,0.011695339256896083,Normal,0.000549707114231383,3.021779114365948e-07,True
2022-01-14,0.004067545349591768,0.00015985501724868477,-0.00683615791330166,0.007155867947799029,0.011220263604877531,Normal,0.003907690332343084,1.52700437334876e-05,True
2022-01-17,0.044706257638330964,0.03785573077429209,0.02014047310190265,0.05557098844668154,0.02841187729149929,Crisis,0.006850526864038871,4.6929718314918245e-05,True
2022-01-18,0.025850456264526405,0.02454546454238573,0.01035727454520708,0.03873365453956438,0.022755136879357922,Crisis,0.0013049917221406755,1.703003394855686e-06,True
2022-01-19,0.00444837978183924,0.009439634839863915,-0.0007451945656325957,0.019624464245360428,0.01633451393455177,Crisis,0.004991255058024675,2.4912627054256905e-05,True
2022-01-20,0.051326359793815564,0.03645028579927922,0.017496706410601366,0.05540386518795707,0.030397907938144668,Crisis,0.014876073994536346,0.00022129757749092055,True
2022-01-21,-0.0051054044411741935,-0.002975207417958584,-0.01328293642299034,0.007332521587073172,0.016531621332352257,Crisis,0.0021301970232156095,4.537739357716644e-06,True
2022-01-24,-0.01779599053447863,-0.01753366176553056,-0.030215225491337292,-0.004852098039723831,0.020338797160343588,Crisis,0.0002623287689480676,6.881638301780863e-08,True
2022-01-25,-0.028569005225201814,-0.02644271290045726,-0.04113942046061772,-0.011746005340296805,0.023570701567560543,Crisis,0.0021262923247445525,4.521119050267594e-06,True
2022-01-26,-0.004465765329044752,0.009937918031880126,-0.00025016342322959316,0.020125999486989843,0.016339729598713423,Crisis,0.014403683360924877,0.00020746609436178416,False
2022-01-27,-0.01394477764758844,-0.008042519076561788,-0.016886115467935513,0.0008010773148119377,0.014183433294276532,Normal,0.005902258571026652,3.483665623925757e-05,True
2022-01-28,-0.030590158277291498,-0.021060751338462087,-0.03613552522714161,-0.005985977449782558,0.02417704748318745,Crisis,0.00952940693882941,9.080959660581011e-05,True
2022-01-31,-0.010493429263312778,-0.019273681483466795,-0.03058926625695184,-0.00795809670998175,0.01814802877899383,Crisis,0.008780252220154017,7.709282904951955e-05,True
2022-02-01,0.013443843338598044,0.01434770886535503,0.005597814628221148,0.02309760310248891,0.014033153001579413,Normal,0.0009038655267569855,8.169728904596829e-07,True
2022-02-02,-0.026120588590776612,-0.024402873856763582,-0.03552401381925586,-0.013281733894271307,0.017836176577232986,Normal,0.0017177147340130296,2.950543907445453e-06,True
2022-02-03,-0.042657230393964456,-0.0215146668589787,-0.03884664420209656,-0.0041826895158608365,0.027797169118189337,Crisis,0.021142563534985757,0.0004470079928309094,False
2022-02-04,0.012414489462072988,0.009877557691655561,0.0013202090118422105,0.018434906371468912,0.013724346838621896,Normal,0.002536931770417427,6.4360228077533e-06,True
2022-02-07,-0.0008479605529049955,0.0029562713076226933,-0.0034375029145919792,0.009350045529837366,0.010254388165871499,Normal,0.003804231860527689,1.4472180048653963e-05,True
2022-02-08,0.015223275905044992,0.001889710919336797,-0.010310614251442324,0.014090036090115918,0.019566982771513496,Crisis,0.013333564985708195,0.00017778395522810358,False
2022-02-09,0.01001522598270638,0.003096947850992077,-0.0050116071395674144,0.011205502841551567,0.013004567794811914,Normal,0.006918278131714304,4.7862572307756365e-05,True
2022-02-10,0.02215357499145458,0.020930924376192823,0.010551833248216205,0.03131001550416944,0.016646072497436375,Normal,0.001222650615261757,1.4948745269999529e-06,True
2022-02-11,0.011255995136432294,0.004416890310222266,-0.007041336050749764,0.015875116671194296,0.018376798540929686,Crisis,0.006839104826210028,4.677335482388929e-05,True
2022-02-14,-0.013632029332492274,-0.015404013020797351,-0.027306687922671026,-0.003501338118923678,0.019089608799747682,Crisis,0.0017719836883050774,3.139926191619266e-06,True
2022-02-15,0.003993798980839951,0.0021290792686979995,-0.004853139051470519,0.009111297588866519,0.011198139694251985,Normal,0.0018647197121419512,3.4771796048507616e-06,True
2022-02-16,-0.02385798825248243,-0.0191880820088719,-0.0298859917751549,-0.0084901722425889,0.01715739647574473,Normal,0.0046699062436105325,2.1808024324112635e-05,True
2022-02-17,-0.00730405878081139,0.000756122638551657,-0.009962875158326287,0.011475120435429602,0.017191217634243416,Crisis,0.008060181419363047,6.49665245130453e-05,True
2022-02-18,0.02698873663122145,0.010256821120797321,-0.004144289653764711,0.024657931895359354,0.023096620989366434,Crisis,0.016731915510424127,0.00027995699664797144,False
2022-02-21,0.008813074496781733,0.00680308048890462,-0.0010806063264628069,0.014686767304272048,0.01264392234903452,Normal,0.0020099940078771123,4.040075911701897e-06,True
2022-02-22,0.013490704321844436,0.005909499221076753,-0.0028491605867141563,0.014668159028867662,0.014047211296553331,Normal,0.007581205100767683,5.747467077990594e-05,True
2022-02-23,0.018464877186409948,0.012039586284351391,0.002350483692734117,0.021728688875968665,0.015539463155922984,Normal,0.0064252909020585565,4.128436317607646e-05,True
2022-02-24,-0.020991992038707438,-0.01778317751296519,-0.027944989003577676,-0.007621366022352702,0.01629759761161223,Normal,0.003208814525742249,1.0296490660614455e-05,True
2022-02-25,-0.03302656204407052,-0.02530455406627161,-0.03771748933621849,-0.012891618796324732,0.019907968613221156,Normal,0.007722007977798911,5.962940720919002e-05,True
2022-02-28,-0.0066914128431104355,-0.00031838258898420427,-0.007805202462021912,0.0071684372840535035,0.01200742385293313,Normal,0.006373030254126231,4.061551462000826e-05,True
2022-03-01,0.014553963978363846,0.002534394624687811,-0.009540732554532609,0.01460952180390823,0.019366189193509152,Crisis,0.012019569353676035,0.00014447004744782814,True
2022-03-02,-0.0032743856182815036,-0.003916539311898918,-0.010764187927715347,0.0029311093039175113,0.010982315685484452,Normal,0.0006421536936174147,4.123613662264885e-07,True
2022-03-03,-0.004651964330088889,0.004685420470172254,-0.002419910821026219,0.011790751761370726,0.011395589299026667,Normal,0.009337384800261143,8.718675490814782e-05,False
2022-03-04,0.006118028993769752,0.006326523148274368,0.00019398929234431227,0.012459057004204424,0.009835408698130925,Bull,0.0002084941545046166,4.346981246259494e-08,True
2022-03-07,0.016566054709854606,0.01430800040398974,0.004974081622662612,0.02364191918531687,0.014969816412956381,Normal,0.0022580543058648653,5.098809248234859e-06,True
2022-03-08,-0.001729026716325086,-0.0020686207693999823,-0.008627202624189645,0.004489961085389681,0.010518708014897526,Normal,0.0003395940530748962,1.153241208838354e-07,True
2022-03-09,-0.0029629341569841075,-0.0028085696392502724,-0.012715539348261622,0.007098400069761077,0.01588888024709523,Crisis,0.00015436451773383512,2.3828404335199498e-08,True
2022-03-10,-0.0017600330072446498,-0.0054478458639242505,-0.012012227593471956,0.001116535865623454,0.010528009902173395,Normal,0.003687812856679601,1.3599963665891359e-05,True
2022-03-11,-0.002525919108460157,-0.0001271741123046799,-0.006834818493857368,0.006580470269248007,0.010757775732538047,Normal,0.002398744996155477,5.75397755658094e-06,True
2022-03-14,-0.015971680316015913,-0.01291787703661489,-0.025258194825771286,-0.000577559247458493,0.019791504094804773,Crisis,0.003053803279401024,9.325714469280449e-06,True
2022-03-15,0.01264774708893563,0.011604151574740476,0.0030031709421188737,0.02020513220736208,0.013794324126680689,Normal,0.0010435955141951548,1.0890915972482495e-06,True
2022-03-16,0.016734926356788346,0.0019029195726559202,-0.007462587456518741,0.011268426601830582,0.015020477907036504,Normal,0.014832006784132426,0.0002199884252445503,False
2022-03-17,0.05288286025519703,0.04121291458396451,0.02196818435237334,0.06045764481555568,0.030864858076559108,Crisis,0.011669945671232515,0.0001361876319695185,True
2022-03-18,-0.008288732627568025,-0.003953913464017213,-0.011739519629244119,0.003831692701209692,0.012486619788270408,Normal,0.004334819163550812,1.8790657180687363e-05,True
2022-03-21,0.0050853555521163905,-0.0002962821973154608,-0.01060026096192424,0.010007696567293318,0.016525606665634917,Crisis,0.0053816377494318515,2.8962024866109925e-05,True
2022-03-22,-0.0018517004562385597,-0.0005116288722719562,-0.0070931574358261236,0.006069899691282211,0.010555510136871568,Normal,0.0013400715839666033,1.7957918501547613e-06,True
2022-03-23,0.020566523221595,0.019425582660300672,0.006225777567281694,0.03262538775331965,0.021169956966478498,Crisis,0.001140940561294327,1.301745364406614e-06,True
2022-03-24,0.0036860006953005394,0.008156977997477482,0.0024793666466521713,0.013834589348302792,0.009105800208590161,Bull,0.004470977302176942,1.998963803658141e-05,True
2022-03-25,0.015313083006242002,0.013580949426797809,0.004481404985025687,0.02268049386856993,0.0145939249018726,Normal,0.0017321335794441926,3.000286737038151e-06,True
2022-03-28,-0.004702504113522739,-0.003392009147318156,-0.010506794146313387,0.003722775851677075,0.011410751234056821,Normal,0.0013104949662045826,1.7173970564475502e-06,True
2022-03-29,0.0039005414707163114,0.004598581420380438,-0.0011191608068251728,0.01031632364758605,0.009170162441214894,Bull,0.0006980399496641265,4.872597713270963e-07,True
2022-03-30,-0.015259853475593351,-0.009434250936705222,-0.018523838540621687,-0.0003446633327887586,0.014577956042678007,Normal,0.0058256025388881295,3.393764494109982e-05,True
2022-03-31,-0.029765812804925657,-0.013573444789336546,-0.028494020921519383,0.0013471313428462892,0.023929743841477696,Crisis,0.016192368015589112,0.0002621927819522733,False
2022-04-01,0.0020629506980929333,-0.0012667428416030851,-0.007887786771524026,0.005354301088317856,0.01061888520942788,Normal,0.0033296935396960187,1.1086859068293402e-05,True
2022-04-04,-0.0002557801290855948,0.0012104255379454458,-0.005072578508590154,0.007493429584481046,0.01007673403872568,Normal,0.0014662056670310406,2.1497590580339386e-06,True
2022-04-05,0.005294780218845536,0.0060235071920175685,-0.001202065880338784,0.013249080264373922,0.011588434065653661,Normal,0.0007287269731720324,5.31043001428472e-07,True
2022-04-06,0.025235147057764258,0.022102254852267324,0.011146740956122758,0.03305776874841189,0.01757054411732928,Normal,0.0031328922054969337,9.815013571263442e-06,True
2022-04-07,-0.004580401176489791,0.002305836935853654,-0.007903687701856914,0.012515361573564221,0.016374120352946938,Crisis,0.006886238112343445,4.742027533989141e-05,True
2022-04-08,0.015745761797101198,0.014976410659046488,0.005795931583591339,0.024156889734501637,0.01472372853913036,Normal,0.0007693511380547097,5.91901173626077e-07,True
2022-04-11,0.012896570286486234,0.012958843958048577,0.00431131975830272,0.021606368157794435,0.01386897108594587,Normal,6.227367156234377e-05,3.878010169854663e-09,True
2022-04-12,0.021136004954279235,0.015963204263602898,0.005774454469533745,0.026151954057672053,0.016340801486283772,Normal,0.005172800690676337,2.675786698546159e-05,True
2022-04-13,0.004421099877267439,-0.0004778174307023848,-0.007539964423723374,0.006584329562318605,0.011326329963180231,Normal,0.004898917307969823,2.39993907903263e-05,True
2022-04-14,-0.018228228763818896,-0.021057545873407347,-0.030702382247685796,-0.011412709499128898,0.015468468629145669,Normal,0.0028293171095884508,8.005035306609946e-06,True
2022-04-15,-0.010444784864380063,-0.004229679534328909,-0.011171553734231787,0.0027121946655739677,0.011133435459314018,Bull,0.006215105330051153,3.862753426363026e-05,True
2022-04-18,-0.02383538450367857,-0.020182451545251646,-0.030876133172397825,-0.009488769918105468,0.01715061535110357,Normal,0.0036529329584269223,1.3343919198761666e-05,True
2022-04-19,-0.03571217154152181,-0.03261597059643896,-0.048648841521575684,-0.016583099671302236,0.025713651462456542,Crisis,0.0030962009450828457,9.586460292331906e-06,True
2022-04-20,0.03647916184925705,0.0354461588511985,0.01926981872695517,0.05162249897544183,0.025943748554777116,Crisis,0.0010330029980585506,1.0670951939979538e-06,True
2022-04-21,-0.053579477016472775,-0.04743473252742541,-0.06680976825025489,-0.028059696804595923,0.03107384310494183,Crisis,0.006144744489047366,3.775788483567797e-05,True
2022-04-22,0.022794612330143058,0.010632526823781975,-0.002984052975146173,0.024249106622710122,0.021838383699042917,Crisis,0.012162085506361083,0.00014791632386403831,True
2022-04-25,-0.037040435073544334,-0.02328789729397377,-0.03956922625465527,-0.00700656833329227,0.0261121305220633,Crisis,0.013752537779570563,0.00018913229537851562,True
2022-04-26,0.056289766651127386,0.04918364100420915,0.029301632664764727,0.06906564934365357,0.031886929995338216,Crisis,0.007106125646918239,5.049702170978916e-05,True
2022-04-27,0.014761006677529193,0.010898062590019499,0.001901786661457171,0.019894338518581828,0.014428302003258758,Normal,0.003862944087509694,1.4922337023226103e-05,True
2022-04-28,0.010278213910274656,0.003197197759472996,-0.008078129954666677,0.014472525473612668,0.018083464173082396,Crisis,0.00708101615080166,5.014078972791396e-05,True
2022-04-29,-0.00034027953137382317,-0.003935319979167983,-0.008987098211919165,0.0011164582535831986,0.008102083859412147,Bull,0.00359504044779416,1.2924315821276036e-05,True
2022-05-02,-0.0034925186230061298,0.003219749785974677,-0.006786281225941304,0.013225780797890658,0.016047755586901837,Crisis,0.006712268408980806,4.5054547194201726e-05,True
2022-05-03,-0.009110951049187084,-0.01483717348368911,-0.02277657953041478,-0.0068977674369634385,0.012733285314756124,Normal,0.005726222434502026,3.2789623369394306e-05,True
2022-05-04,0.00554148488281337,0.010591258156609022,0.0033195377989501448,0.0178629785142679,0.011662445464844011,Normal,0.0050497732737956515,2.5500210116740853e-05,True
2022-05-05,0.011831146758411659,0.008416940850197218,0.0012157410387413888,0.015618140661653047,0.011549344027523497,Bull,0.003414205908214441,1.1656801983686397e-05,True
2022-05-06,-0.039487178214036064,-0.028269409137471717,-0.04500841308471524,-0.011530405190228195,0.02684615346421082,Crisis,0.011217769076564348,0.00012583834305512334,True
2022-05-09,-0.017973884644358135,-0.01385760569090267,-0.02345486578325357,-0.004260345598551769,0.015392165393307441,Normal,0.004116278953455465,1.694375242266042e-05,True
2022-05-10,-0.01580569440345427,-0.013687837868246329,-0.021632495793441633,-0.005743179943051022,0.012741708321036282,Bull,0.00211785653520794,4.48531630372298e-06,True
2022-05-11,0.004256813769365016,-1.7733944983993808e-05,-0.005802118606696929,0.005766650716728942,0.009277044130809506,Bull,0.00427454771434901,1.8271758162246344e-05,True
2022-05-12,0.0077113782324612894,0.006521971868544997,9.139442996890929e-05,0.012952549307121084,0.010313413469738388,Bull,0.0011894063639162926,1.4146874985245761e-06,True
2022-05-13,0.009558487139503346,0.008642446247861322,0.0006193264386520451,0.016665566057070598,0.012867546141851004,Normal,0.000916040891642024,8.391309151603144e-07,True
2022-05-16,0.0529378127931608,0.04304122884985603,0.023786219483664293,0.06229623821604776,0.03088134383794824,Crisis,0.009896583943304775,9.79423737468779e-05,True
2022-05-17,0.023886082214374955,0.020744751981687414,0.010041587105695984,0.031447916857678844,0.017165824664312487,Normal,0.0031413302326875406,9.867955630796759e-06,True
2022-05-18,0.0009813064908470773,0.0021479065118621982,-0.0030237788742830474,0.007319591898007444,0.008294391947254124,Bull,0.001166600021015121,1.3609556090324805e-06,True
2022-05-19,0.008092687165974067,0.0013886460557238857,-0.0063602888698801605,0.009137580981327931,0.01242780614979222,Normal,0.006704041110250181,4.494416720792448e-05,True
2022-05-20,0.01855056464055313,0.013736835634997068,0.004031704795962033,0.023441966474032103,0.015565169392165939,Normal,0.004813729005556062,2.3171986938931752e-05,True
2022-05-23,-0.0017747918885261372,0.0016856704374828735,-0.004881472011275765,0.008252812886241512,0.010532437566557841,Normal,0.0034604623260090107,1.1974799509727692e-05,True
2022-05-24,0.010788503502262363,0.007348806772531286,0.0003426383603057038,0.014354975184756869,0.011236551050678709,Bull,0.0034396967297310775,1.183151359252267e-05,True
2022-05-25,0.020151390803868387,0.012334244473561753,-0.0007879081186449397,0.025456397065768445,0.021045417241160515,Crisis,0.007817146330306633,6.110777674942647e-05,True
2022-05-26,-0.007587220283271188,-0.0048537995777217435,-0.01250818450953196,0.0028005853540884742,0.012276166084981357,Normal,0.0027334207055494447,7.471588753526424e-06,True
2022-05-27,-0.012788927827223477,-0.0015505457506852284,-0.01017793491448012,0.007076843413109664,0.013836678348167044,Normal,0.01123838207653825,0.00012630123169825617,False
2022-05-30,-0.01859286906816504,-0.013535012413623924,-0.02324805649782899,-0.0038219683294188605,0.015577860720449511,Normal,0.005057856654541117,2.558191393788586e-05,True
2022-05-31,0.01298513511648596,0.012836422316878357,0.0010547520667468502,0.024618092567009864,0.018895540534945788,Crisis,0.00014871279960760285,2.211549676713104e-08,True
2022-06-01,0.03091312445230217,0.03492023756055563,0.019785051306817507,0.05005542381429375,0.02427393733569065,Crisis,0.004007113108253458,1.6056955462336687e-05,True
2022-06-02,-0.004771064329887284,-0.009196063382226139,-0.01632367289703754,-0.0020684538674147403,0.011431319298966186,Normal,0.004424999052338854,1.958061661319976e-05,True
2022-06-03,-0.0013013371582575508,0.009377767624011234,0.002899187143089502,0.015856348104932964,0.010390401147477265,Normal,0.010679104782268784,0.00011404327895067603,False
2022-06-06,-0.011685252235371717,-0.0026917345665211038,-0.011112675941289776,0.005729206808247568,0.013505575670611515,Normal,0.008993517668850613,8.088336005992817e-05,False
2022-06-07,0.039773995128373846,0.028076231355767915,0.011283576935271645,0.04486888577626419,0.026932198538512152,Crisis,0.01169776377260593,0.00013683767727969173,True
2022-06-08,0.009017679747777172,0.005177550399469351,-0.0027444088049977493,0.013099509603936452,0.012705303924333153,Normal,0.0038401293483078212,1.4746593411735051e-05,True
2022-06-09,-0.022943920427208463,-0.016001754491746678,-0.026528683507036355,-0.0054748254764570015,0.01688317612816254,Normal,0.0069421659354617846,4.819366787548599e-05,True
2022-06-10,-0.030813874113637972,-0.029403410489377817,-0.044520031493391655,-0.014286789485363981,0.024244162234091392,Crisis,0.0014104636242601547,1.989407635361091e-06,True
2022-06-13,-0.0020701353874754062,-0.004636001234214893,-0.01125838909458859,0.0019863866261588033,0.010621040616242621,Normal,0.0025658658467394868,6.583667543464143e-06,True
2022-06-14,0.004637634256021153,-0.006447624730886292,-0.016667855089386233,0.0037726056276136477,0.016391290276806345,Crisis,0.011085258986907445,0.00012288296680681228,False
2022-06-15,0.011029421810129676,0.02217781552570944,0.010761970787211285,0.0335936602642076,0.018308826543038902,Crisis,0.011148393715579765,0.0001242866824375784,True
2022-06-16,0.017834970090692476,0.011764837627695087,0.0034405939962941327,0.02008908125909604,0.013350491027207742,Bull,0.006070132462997389,3.6846508118334754e-05,True
2022-06-17,0.027372082811634797,0.023673742286772017,0.012318504354928287,0.035028980218615745,0.01821162484349044,Normal,0.0036983405248627796,1.36777226378423e-05,True
2022-06-20,-0.003722933987937427,-0.002712192976728436,-0.008396712876281865,0.002972326922824994,0.009116880196381228,Bull,0.001010741011208991,1.0215973917397739e-06,True
2022-06-21,0.008502610289032094,0.007206109796875321,-0.0006195032061011366,0.01503172279985178,0.012550783086709628,Normal,0.0012965004921567727,1.6809135261627538e-06,True
2022-06-22,0.009431600915598748,0.003962586360161533,-0.004036798775039922,0.011961971495362989,0.012829480274679624,Normal,0.005469014555437215,2.9910120207584118e-05,True
2022-06-23,0.0049754899799928105,0.0009874771914222956,-0.004931339286854521,0.006906293669699111,0.009492646993997843,Bull,0.003988012788570515,1.5904246001801976e-05,True
2022-06-24,-0.0006708419222312236,-0.004052304103644138,-0.010412947440326947,0.002308339233038672,0.010201252576669368,Normal,0.003381462181412914,1.1434286484325784e-05,True
2022-06-27,-0.010600033331069621,-0.003435653964013948,-0.011653599961285212,0.004782292033257317,0.013180009999320886,Normal,0.007164379367055673,5.132833171509305e-05,True
2022-06-28,0.015809648475807073,0.015184271264274369,0.005991841880536216,0.02437670064801252,0.014742894542742122,Normal,0.0006253772115327044,3.910966567044209e-07,True
2022-06-29,-0.014303726622507975,-0.01260861509678559,-0.02151935460774306,-0.0036978755858281184,0.014291117986752392,Normal,0.001695111525722385,2.8734030846368714e-06,True
2022-06-30,0.015126799737499402,0.012841560382735292,0.005023892946233243,0.02065922781923734,0.01253803992124982,Bull,0.00228523935476411,5.222318908562686e-06,True
2022-07-01,0.03134463445353027,0.026419670377370714,0.015568379524136507,0.03727096123060492,0.01740339033605908,Bull,0.004924964076159558,2.425527115146217e-05,True
2022-07-04,0.0074390528432334065,0.005609362760500723,-0.0007702749137851409,0.011989000434786587,0.010231715852970022,Bull,0.0018296900827326837,3.347765798850335e-06,True
2022-07-05,0.003082427903880399,0.0012901353702688381,-0.00863918621463007,0.011219456955167746,0.01592472837116412,Crisis,0.0017922925336115608,3.2123125260397475e-06,True
2022-07-06,-0.01525067228314599,-0.01565952223366307,-0.024747392451696056,-0.006571652015630083,0.014575201684943796,Normal,0.00040884995051708103,1.671582820378196e-07,True
2022-07-07,-0.007976519726608866,-0.006554529576166927,-0.013034702997158495,-7.435615517535805e-05,0.010392955917982661,Bull,0.0014219901504419399,2.0220559879538906e-06,True
2022-07-08,0.0003820081324998688,0.004637376885882625,-0.004786818287451064,0.014061572059216314,0.01511460243974996,Crisis,0.004255368753382756,1.810816322726631e-05,True
2022-07-11,-0.028545964341096856,-0.036815271267773376,-0.05150766892055181,-0.02212287361499494,0.023563789302329056,Crisis,0.00826930692667652,6.838143704758029e-05,True
2022-07-12,0.010190259410823584,0.008377275037653566,0.00023597920865635336,0.01651857086665078,0.013057077823247075,Normal,0.0018129843731700176,3.2869123373586816e-06,True
2022-07-13,0.005288610553178064,0.004324686419198841,-0.0028997325877369437,0.011549105426134625,0.011586583165953419,Normal,0.0009639241339792232,9.291497360675955e-07,True
2022-07-14,-0.002089241528047701,-0.00015785974342185906,-0.005536789668182825,0.0052210701813391065,0.008626772458414311,Bull,0.001931381784625842,3.7302355979845023e-06,True
2022-07-15,-0.012173604309237163,-0.0024745458650742777,-0.01410441540300368,0.009155323672855124,0.01865208129277115,Crisis,0.009699058444162885,9.407173470328737e-05,True
2022-07-18,0.003991347337939119,0.004365152605221728,-0.0013695752930063818,0.01009988050344984,0.009197404201381735,Bull,0.00037380526728260973,1.397303778482233e-07,True
2022-07-19,-0.017303126607282306,-0.007693430248792099,-0.020282801423806125,0.004895940926221929,0.02019093798218469,Crisis,0.009609696358490207,9.234626410237995e-05,True
2022-07-20,-0.032428132876779855,-0.02840180906446748,-0.04382038487750966,-0.012983233251425303,0.024728439863033955,Crisis,0.004026323812312375,1.621128344159366e-05,True
2022-07-21,-0.0035382843534497795,-0.0030889890612827266,-0.013103580771589629,0.006925602649024175,0.016061485306034934,Crisis,0.00044929529216705287,2.018662595634774e-07,True
2022-07-22,-0.001055586763545233,2.972000208719246e-05,-0.005155859863722198,0.005215299867896584,0.00831667602906357,Bull,0.0010853067656324254,1.1778907755275163e-06,True
2022-07-25,0.03736760586151072,0.02879352355163861,0.015568575309045658,0.042018471794231564,0.021210281758453214,Normal,0.00857408230987211,7.351488745646188e-05,True
2022-07-26,-0.005519434934498833,-0.0021967754159772958,-0.009464371225525037,0.0050708203935704455,0.01165583048034965,Normal,0.003322659518521537,1.1040066276021771e-05,True
2022-07-27,-0.037937722997487204,-0.02999435125034603,-0.04332594262528445,-0.016662759875407614,0.02138131689924616,Normal,0.007943371747141173,6.309715471328061e-05,True
2022-07-28,-0.006254327139263531,-0.006985013549897451,-0.013143042624706412,-0.0008269844750884905,0.00987629814177906,Bull,0.0007306864106339205,5.339026306850823e-07,True
2022-07-29,0.00749093234074615,0.006308699546380092,-0.00132767426604782,0.013945073358808005,0.012247279702223845,Normal,0.0011822327943660574,1.3976743800745766e-06,True
2022-08-01,-0.018879813655855986,-0.01625552177554664,-0.024775208384484465,-0.007735835166608812,0.013663944096756796,Bull,0.002624291880309347,6.886907873057569e-06,True
2022-08-02,-0.04471204944347647,-0.034496562298247165,-0.04909532377936672,-0.01989780081712761,0.02341361483304294,Normal,0.010215487145229303,0.00010435617761434514,True
2022-08-03,0.0002782863322547081,-0.0028504985095309274,-0.00913771244882663,0.0034367154297647745,0.010083485899676413,Normal,0.0031287848417856355,9.789294586187564e-06,True
2022-08-04,0.008629519308472371,0.0018736209622918075,-0.0059757309787062595,0.009722972903289875,0.012588855792541712,Normal,0.006755898346180564,4.564216246392528e-05,True
2022-08-05,-0.013134803458177658,-0.00873908090901187,-0.017431167760982264,-4.69940570414773e-05,0.013940441037453297,Normal,0.004395722549165787,1.9322376729244563e-05,True
2022-08-08,-0.011143481670261912,-0.009065413161019309,-0.01738501376486566,-0.0007458125571729556,0.013343044501078573,Normal,0.0020780685092426036,4.318368729105777e-06,True
2022-08-09,-0.00906908357842133,-0.008798991487933802,-0.0167305660243538,-0.0008674169515138046,0.012720725073526399,Normal,0.0002700920904875285,7.294973734392328e-08,True
2022-08-10,-0.011087513756716957,-0.013593254251569905,-0.02501996536604096,-0.0021665431370988496,0.018326254127015086,Crisis,0.002505740494852948,6.278735427545896e-06,True
2022-08-11,-0.003766873198166441,-0.0022044996248319826,-0.007897238563449345,0.0034882393137853802,0.009130061959449933,Bull,0.0015623735733344586,2.441011182653885e-06,True
2022-08-12,0.0025319223959313244,0.0021377219973587173,-0.004571045327778536,0.00884648932249597,0.010759576718779397,Normal,0.00039420039857260714,1.5539395423480234e-07,True
2022-08-15,0.00730726478578838,0.01070839692777607,0.003106379008435603,0.018310414847116537,0.012192179435736514,Normal,0.00340113214198769,1.1567699847261773e-05,True
2022-08-16,0.014125376103874722,0.008136545758820009,0.0005061993943492292,0.01576689212329079,0.012237612831162417,Bull,0.005988830345054713,3.586608890184815e-05,True
2022-08-17,-0.036396279413141844,-0.025279743885556386,-0.03832300087832112,-0.01223648689279165,0.020918883823942552,Normal,0.011116535527585458,0.0001235773621360697,True
2022-08-18,-0.03881159540169971,-0.032687774893472944,-0.04930040785005521,-0.01607514193689068,0.026643478620509913,Crisis,0.006123820508226768,3.7501177616978755e-05,True
2022-08-19,0.012612552161362056,0.009730081658862697,0.002382716235914466,0.01707744708181093,0.011783765648408617,Bull,0.0028824705024993597,8.30863619777891e-06,True
2022-08-22,0.01494090786202685,0.015101519892790327,0.0060715925887178945,0.02413144719686276,0.014482272358608056,Normal,0.00016061203076347605,2.5796224425967777e-08,True
2022-08-23,0.00154573367766819,0.0006393321219955603,-0.0058849638947688875,0.007163628138760009,0.010463720103300458,Normal,0.0009064015556726298,8.215637801257634e-07,True
2022-08-24,-0.010634546790478296,-0.00880487345651057,-0.020146854937226667,0.002537108024205526,0.018190364037143487,Crisis,0.0018296733339677254,3.3477045090325717e-06,True
2022-08-25,-0.005618388058077623,-0.0031543808334959862,-0.009193454466836934,0.002884692799844962,0.009685516417423287,Bull,0.0024640072245816365,6.071331602790499e-06,True
2022-08-26,-0.02224551233741969,-0.016962970190819132,-0.02735925863831932,-0.006566681743318948,0.016673653701225907,Normal,0.005282542146600559,2.7905251530611245e-05,True
2022-08-29,-0.0019541989713369027,0.0008538068213348314,-0.005746894578854257,0.007454508221523919,0.01058625969140107,Normal,0.0028080057926717344,7.884896531678016e-06,True
2022-08-30,0.003239544523836149,0.0006562701609531859,-0.004937829431365905,0.006250369753272277,0.008971863357150845,Bull,0.0025832743628829632,6.6733064339283795e-06,True
2022-08-31,0.01668281247235751,0.013365779002621281,0.005257051954780793,0.02147450605046177,0.013004843741707253,Bull,0.003317033469736228,1.1002711039350358e-05,True
2022-09-01,-1.4332240512545573e-05,-0.006184380730478491,-0.015539800372723674,0.0031710389117666936,0.015004299672153764,Crisis,0.0061700484899659454,3.8069498368531045e-05,True
2022-09-02,0.018021832603201712,0.011065844727559376,0.0014596157405761603,0.02067207371454259,0.015406549780960514,Normal,0.006955987875642337,4.8385767326083185e-05,True
2022-09-05,-0.05676524147829774,-0.0484598460474361,-0.06843079422348798,-0.028488897871384214,0.03202957244348932,Crisis,0.008305395430861645,6.897959326297749e-05,True
2022-09-06,0.016891030764574353,0.01277552990305202,0.0033808227990704143,0.022170237007033626,0.015067309229372307,Normal,0.004115500861522334,1.693734734119107e-05,True
2022-09-07,-0.01603771539004048,-0.006374782312697495,-0.01872745227773891,0.00597788765234392,0.019811314617012143,Crisis,0.009662933077342985,9.337227565720916e-05,True
2022-09-08,-0.02509081883570924,-0.02159954740075373,-0.03252806401385849,-0.010671030787648967,0.017527245650712772,Normal,0.0034912714349555098,1.2188976232536305e-05,True
2022-09-09,-0.0015691937916800646,0.0013558840138235392,-0.003925768498848377,0.006637536526495456,0.008470758137504019,Bull,0.002925077805503604,8.55608016824978e-06,True
2022-09-12,0.018769896680893898,0.018330667266092754,0.009831541152127275,0.026829793380058232,0.013630969004268169,Bull,0.00043922941480114414,1.9292247882655553e-07,True
2022-09-13,0.0065251446714793895,0.008518112751200103,0.0010623941335240993,0.015973831368876108,0.011957543401443817,Normal,0.001992968079720714,3.97192176678567e-06,True
2022-09-14,-0.005033406750082271,-0.0032225769381252255,-0.009152227024774633,0.0027070731485241816,0.009510022025024682,Bull,0.0018108298119570458,3.2791046078723897e-06,True
2022-09-15,-0.03128559415720338,-0.02482728878568672,-0.04003214727610726,-0.009622430295266179,0.024385678247161015,Crisis,0.006458305371516662,4.170970827176097e-05,True
2022-09-16,0.023032087554599134,0.01915335483827788,0.00985696557128042,0.028449744105275336,0.01490962626637974,Bull,0.003878732716321255,1.5044567484660863e-05,True
2022-09-19,-0.007829830027342805,-0.00528191006433883,-0.016099255883209228,0.005535435754531566,0.01734894900820284,Crisis,0.0025479199630039744,6.491896137874174e-06,True
2022-09-20,-0.012320374000908988,-0.004561053901338982,-0.013100797834781262,0.003978690032103298,0.013696112200272698,Normal,0.007759320099570006,6.020704840759109e-05,True
2022-09-21,-0.011003046715614473,-0.011589440744541036,-0.01863574048917455,-0.0045431409999075216,0.011300914014684343,Bull,0.000586394028926563,3.4385795716072684e-07,True
2022-09-22,0.01490632981082556,0.019135078837614113,0.006994039947038318,0.03127611772818991,0.01947189894324767,Crisis,0.004228749026788553,1.788231833156513e-05,True
2022-09-23,0.030133236847657483,0.028507890666382416,0.013518586112716786,0.043497195220048045,0.024039971054297244,Crisis,0.0016253461812750676,2.641750208985445e-06,True
2022-09-26,0.012620290196520025,0.015440867702488443,0.006845023012687884,0.024036712392289,0.013786087058956007,Normal,0.0028205775059684177,7.95565746717502e-06,True
2022-09-27,-0.01702680616583043,-0.015531294880306815,-0.024951399421361785,-0.006111190339251844,0.01510804184974913,Normal,0.0014955112855236166,2.2365540051285002e-06,True
2022-09-28,0.0036714741306503916,0.0011156892650618338,-0.004559204822487646,0.0067905833526113145,0.009101442239195118,Bull,0.0025557848655885576,6.532036279171521e-06,True
2022-09-29,0.010067396658920834,0.011393022336479862,0.004521740402272478,0.018264304270687245,0.01102021899767625,Bull,0.0013256256775590284,1.757283437003833e-06,True
2022-09-30,-0.003993556000836096,-0.002702224144123997,-0.00843736518329239,0.0030329168950443963,0.009198066800250829,Bull,0.0012913318567120986,1.6675379641595158e-06,True
2022-10-03,0.02193492475113314,0.02484502610098251,0.014506834544417703,0.03518321765754732,0.01658047742533994,Normal,0.00291010134984937,8.468689866395125e-06,True
2022-10-04,0.01314310748783816,0.012338716005935191,0.004892107675998956,0.019785324335871428,0.011942932246351448,Bull,0.0008043914819029687,6.47045656158054e-07,True
2022-10-05,-0.01099173727148986,-0.007256552215360523,-0.015547768304903137,0.001034663874182092,0.013297521181446958,Normal,0.0037351850561293367,1.3951607403531917e-05,True
2022-10-06,0.007582676362150992,0.005961252709174285,-0.00044525043006487467,0.012367755848413445,0.010274802908645297,Bull,0.0016214236529767077,2.6290146624323313e-06,True
2022-10-07,-0.004379047418452849,-0.006178352351106731,-0.01198560140049399,-0.0003711033017194708,0.009313714225535855,Bull,0.001799304932653882,3.2374982406725906e-06,True
2022-10-10,-0.019290661802460796,-0.01970744987393943,-0.02830398759032068,-0.011110912157558179,0.01378719854073824,Bull,0.0004167880714786333,1.7371229652687834e-07,True
2022-10-11,0.00702424469416106,0.006373874135873113,7.182830639951201e-05,0.012675919965346713,0.010107273408248317,Bull,0.0006503705582879471,4.2298186308777593e-07,True
2022-10-12,-0.0031033091090770524,-0.002878142401800775,-0.008446758509324397,0.002690473705722846,0.008930992732723115,Bull,0.0002251667072762772,5.070004606564071e-08,True
2022-10-13,0.0033467272120495635,0.002119129485605274,-0.00474205097072508,0.008980309941935627,0.011004018163614869,Normal,0.0012275977264442897,1.506996177971189e-06,True
2022-10-14,-0.013751965438840982,-0.008410371822414468,-0.015970869939117366,-0.00084987370571157,0.012125589631652296,Bull,0.005341593616426514,2.8532622363048488e-05,True
2022-10-17,0.004274317504153614,0.0044576103548761275,-0.0013300484640017263,0.010245269173753981,0.009282295251246084,Bull,0.0001832928507225131,3.359626912598547e-08,True
2022-10-18,0.01247818419071583,0.008429798498029445,0.001107567245539138,0.01575202975051975,0.01174345525721475,Bull,0.0040483856926863855,1.6389426716747825e-05,True
2022-10-19,0.01995378998495921,0.015502860580198416,0.005535249740702249,0.025470471419694583,0.015986136995487763,Normal,0.004450929404760795,1.981077256616429e-05,True
2022-10-20,0.014658565562466419,0.013889530130343507,0.0061594481318956685,0.021619612128791346,0.012397569668739925,Bull,0.0007690354321229116,5.914154958604734e-07,True
2022-10-21,-0.008999765379784029,-0.005592851332033297,-0.012264427738003693,0.0010787250739370986,0.010699929613935209,Bull,0.003406914047750732,1.1607063328761276e-05,True
2022-10-24,0.005015319512181822,0.004485003587731879,-0.0014412631947095644,0.010411270370173323,0.009504595853654547,Bull,0.0005303159244499428,2.812349797251974e-07,True
2022-10-25,0.0013690709507936084,0.0012891129613121868,-0.003955105618472498,0.006533331541096872,0.008410721285238083,Bull,7.995798948142157e-05,6.393280081911122e-09,True
2022-10-26,0.011889180202807308,0.011298329395345471,0.00408627415103101,0.018510384639659934,0.011566754060842193,Bull,0.0005908508074618374,3.4910467667830525e-07,True
2022-10-27,0.0035546642234687087,-0.0003369153727563326,-0.005989959609451039,0.005316128863938373,0.009066399267040613,Bull,0.003891579596225041,1.5144391753755054e-05,True
2022-10-28,0.008272117633601148,0.009612148583592037,0.0018296503323159963,0.017394646834868077,0.012481635290080345,Normal,0.0013400309499908888,1.7956829469334839e-06,True
2022-10-31,0.030432132788723757,0.027326745582431103,0.01664614252239705,0.03800734864246516,0.017129639836617125,Bull,0.0031053872062926542,9.643429701006096e-06,True
2022-11-01,-0.017746903376113236,-0.013609292143245848,-0.021917062475204543,-0.005301521811287152,0.01332407101283397,Bull,0.004137611232867388,1.7119826714350385e-05,True
2022-11-02,0.021961810006368453,0.019465965261658693,0.010369776520167013,0.028562154003150375,0.014588543001910537,Bull,0.0024958447447097597,6.229240989695325e-06,True
2022-11-03,0.008140006925115354,0.00907255432148885,0.002561799839436462,0.015583308803541238,0.010442002077534606,Bull,0.0009325473963734954,8.696446464829851e-07,True
2022-11-04,-0.004654537647378101,-0.0021762141259965865,-0.008034994938050193,0.003682566686057021,0.00939636129421343,Bull,0.0024783235213815145,6.14208747663287e-06,True
2022-11-07,-0.0014710702326407362,-0.0008239525520577281,-0.006087250584514072,0.004439345480398617,0.00844132106979222,Bull,0.0006471176805830081,4.1876129252313215e-07,True
2022-11-08,0.011794347165077206,0.007611366286080529,0.0004170500142599426,0.014805682557901115,0.011538304149523162,Bull,0.004182980878996677,1.749732903405181e-05,True
2022-11-09,0.020999171823536795,0.015208089614487264,0.0050449351108421015,0.02537124411813243,0.016299751547061037,Normal,0.005791082209049531,3.353663315196999e-05,True
2022-11-10,0.007227871180158568,0.0028210778394669915,-0.003519057296440243,0.009161212975374226,0.01016836135404757,Bull,0.0044067933406915765,1.9419827547563626e-05,True
2022-11-11,0.011360834608472542,0.012960277133049819,0.005847051454775817,0.02007350281132382,0.011408250382541762,Bull,0.001599442524577277,2.5582163894261334e-06,True
2022-11-14,-0.0060835397774249515,-0.009207725367978361,-0.016580839681750413,-0.0018346110542063077,0.011825061933227486,Normal,0.00312418559055341,9.760535604221558e-06,True
2022-11-15,0.004727442799170006,0.007673499787316187,0.0018010817185295513,0.013545917856102823,0.009418232839751002,Bull,0.002946056988146181,8.679251777404948e-06,True
2022-11-16,-0.014925534505853872,-0.01419556723963112,-0.021975587053600032,-0.006415547425662207,0.01247766035175616,Bull,0.0007299672662227519,5.32852209756718e-07,True
2022-11-17,-0.0049428281503235754,-0.00552308769913253,-0.011435794626223702,0.0003896192279586423,0.009482848445097072,Bull,0.0005802595488089545,3.3670114398397145e-07,True
2022-11-18,-0.008300508414340303,-0.01126629623786531,-0.017807073289801943,-0.004725519185928676,0.01049015252430209,Bull,0.002965787823525006,8.795897414169192e-06,True
2022-11-21,0.00823863252743638,0.00780383522883623,0.0012746323569753906,0.014333038100697068,0.010471589758230914,Bull,0.00043479729860015047,1.8904869086998842e-07,True
2022-11-22,-0.02415887474431104,-0.013398316755623847,-0.024152508776805363,-0.002644124734442331,0.017247662423293314,Normal,0.010760557988687193,0.00011578960822789978,False
2022-11-23,0.019757220304734743,0.01440360292431552,0.005719793212470245,0.023087412636160792,0.013927166091420423,Bull,0.005353617380419224,2.866121905592679e-05,True
2022-11-24,0.017974305122197543,0.013404249365779762,0.0050539424514716835,0.021754556280087843,0.013392291536659263,Bull,0.004570055756417781,2.0885409616767294e-05,True
2022-11-25,0.005014178165385666,0.0007682939922248972,-0.006404791126279171,0.007941379110728966,0.0115042534496157,Normal,0.004245884173160769,1.8027532411897107e-05,True
2022-11-28,0.029072436098085876,0.022947507532876946,0.012521242230786314,0.03337377283496758,0.01672173082942576,Bull,0.00612492856520893,3.7514749928912325e-05,True
2022-11-29,0.006424631883690135,0.003888655777038923,-0.0023012296133460277,0.010078541167423873,0.009927389565107041,Bull,0.002535976106651212,6.431174813505838e-06,True
2022-11-30,0.02497825035520575,0.02491047543477919,0.015250047123848361,0.03457090374571002,0.015493475106561724,Bull,6.777492042656097e-05,4.5934398388266715e-09,True
2022-12-01,0.024068975210675858,0.02195063700457498,0.012460292950821334,0.031440981058328626,0.015220692563202756,Bull,0.002118338206100877,4.4873567554266805e-06,True
2022-12-02,-0.0030905770421410443,-8.562140340303214e-05,-0.005651855917016198,0.005480613110210133,0.008927173112642314,Bull,0.0030049556387380123,9.029758390783375e-06,True
2022-12-05,0.0016064287086890693,0.004834923659133573,-0.00045369382254539185,0.010123541140812539,0.00848192861260672,Bull,0.0032284949504445036,1.0423179645045659e-05,True
2022-12-06,0.015551467511253244,0.011282936621620375,0.003385833050433976,0.019180040192806773,0.012665440253375973,Bull,0.004268530889632869,1.8220355955749968e-05,True
2022-12-07,0.014929056385171918,0.013980127788242957,0.006199449189932162,0.02176080638655375,0.012478716915551576,Bull,0.000948928596928961,9.004654820695666e-07,True
2022-12-08,-0.03961053730518453,-0.028384683285629778,-0.04202918256378286,-0.014740184007476695,0.02188316119155536,Normal,0.011225854019554754,0.00012601979846835364,True
2022-12-09,-0.007142603194200927,-0.007440584445756759,-0.013764769797773115,-0.0011163990937404032,0.010142780958260277,Bull,0.00029798125155583183,8.879282627877993e-08,True
2022-12-12,-0.01286316938382623,-0.010731507089589112,-0.01937278349101765,-0.002090230688160572,0.01385895081514787,Normal,0.0021316622942371185,4.543984136672255e-06,True
2022-12-13,0.006414576762917626,-0.00023018667843462067,-0.007665223040900531,0.00720484968403129,0.011924373028875288,Normal,0.006644763441352246,4.4152881191531344e-05,True
2022-12-14,0.004919631710841334,0.005719924727536441,-0.00018844319479668047,0.011628292649869563,0.0094758895132524,Bull,0.0008002930166951068,6.404689125709545e-07,True
2022-12-15,0.024833632575119714,0.01768284965395546,0.00804947278927665,0.02731622651863427,0.015450089772535914,Bull,0.007150782921164254,5.113369638561438e-05,True
2022-12-16,0.00028801701617832756,0.0012584047474142118,-0.003783597532338901,0.006300407027167324,0.008086405104853499,Bull,0.0009703877312358842,9.416523489331266e-07,True
2022-12-19,0.015797713663917107,0.012308033616321332,0.0043648685265610075,0.020251198706081656,0.012739314099175131,Bull,0.0034896800475957748,1.2177866834588049e-05,True
2022-12-20,0.017963467830284324,0.010121104704683956,0.0017728249575715942,0.018469384451796318,0.013389040349085297,Bull,0.007842363125600368,6.150265939377638e-05,True
2022-12-21,-0.0112438315344342,-0.007758318801145229,-0.014849658495781631,-0.0006669791065088276,0.011373149460330259,Bull,0.00348551273328897,1.2148799013919547e-05,True
2022-12-22,-0.02178675062476155,-0.022027282606876107,-0.03233775748563618,-0.011716807728116035,0.016536025187428464,Normal,0.0002405319821145585,5.7855634419958295e-08,True
2022-12-23,-0.006511997433427426,-0.0029581443661439626,-0.00916437189973973,0.0032480831674518047,0.009953599230028228,Bull,0.0035538530672834636,1.2629871623840082e-05,True
2022-12-26,-0.02859067236295208,-0.022091344441712086,-0.03367452536736418,-0.010508163516059996,0.018577201708885625,Normal,0.006499327921239993,4.224126342780977e-05,True
2022-12-27,0.011536500129538461,0.009161331603401268,0.0020152468506855177,0.01630741635611702,0.011460950038861538,Bull,0.0023751685261371933,5.641425527552727e-06,True
2022-12-28,-0.003878803430934258,-0.0013959576145131118,-0.008356665468018096,0.0055647502389918726,0.011163641029280278,Normal,0.002482845816421146,6.164523348119987e-06,True
2022-12-29,-0.0006932129757507063,0.0031826290943772276,-0.0019351670242481588,0.008300425213002614,0.008207963892725212,Bull,0.003875842070127934,1.5022151752573587e-05,True
2022-12-30,-0.016240516479591592,-0.013098989804333615,-0.022372015105386757,-0.0038259645032804757,0.014872154943877478,Normal,0.0031415266752579767,9.869189851357437e-06,True
2023-01-02,0.002844184851569052,0.0017670581568237384,-0.00375308752112752,0.007287203834774996,0.008853255455470716,Bull,0.0010771266947453134,1.1602019165329636e-06,True
2023-01-03,-0.03217097347033263,-0.025722950555584167,-0.036728812067320225,-0.014717089043848108,0.01765129204109979,Bull,0.006448022914748466,4.15769995091213e-05,True
2023-01-04,0.009585026495916334,0.00993548324343551,0.0031544309513255936,0.016716535535545425,0.0108755079487749,Bull,0.00035045674751917576,1.2281993188171932e-07,True
2023-01-05,0.006780179882144627,0.0011326944723188078,-0.006370729699194203,0.00863611864383182,0.012034053964643389,Normal,0.00564748540982582,3.189409145419551e-05,True
2023-01-06,0.007421731537716268,0.004961134458471643,-0.001415263182915549,0.011337532099858836,0.01022651946131488,Bull,0.002460597079244625,6.0545379863871785e-06,True
2023-01-09,0.006544416743001629,0.005821553440008166,-0.0016377701106618228,0.013280876990678155,0.01196332502290049,Normal,0.0007228633029934626,5.225313548146185e-07,True
2023-01-10,-0.009062061581100298,-0.008991543279336808,-0.015674772487200644,-0.0023083140714729704,0.01071861847433009,Bull,7.051830176348951e-05,4.972830883606568e-09,True
2023-01-11,0.004919130658212716,0.0031508521454161656,-0.004004453883060746,0.010306158173893076,0.011475739197463815,Normal,0.0017682785127965503,3.12680889881798e-06,True
2023-01-12,-0.011612308394035662,-0.012881167474135865,-0.021288464355107548,-0.0044738705931641806,0.013483692518210699,Normal,0.0012688590801002032,1.6100033651527339e-06,True
2023-01-13,-0.005218693559196805,0.002197464331515396,-0.005013876367872995,0.009408805030903786,0.011565608067759041,Normal,0.0074161578907122015,5.499939785997285e-05,False
2023-01-16,-0.004834805742463187,-0.003501491485788762,-0.00939399230572969,0.002391009334152166,0.009450441722738956,Bull,0.0013333142566744247,1.7777269070512737e-06,True
2023-01-17,0.0027362508780278023,-0.00012546263715842136,-0.005625418750021065,0.005374493475704223,0.008820875263408341,Bull,0.0028617135151862236,8.189404242999493e-06,True
2023-01-18,-0.025668862169837645,-0.02454165267481304,-0.03557829505347173,-0.01350501029615435,0.017700658650951294,Normal,0.0011272094950246052,1.2706012456736253e-06,True
2023-01-19,0.002398042316691873,0.002528028392350481,-0.002908664194315672,0.007964720979016633,0.008719412695007561,Bull,0.00012998607565860775,1.68963798651253e-08,True
2023-01-20,0.01066868306148197,0.009167146197087455,0.0021833907704002734,0.01615090162377464,0.01120060491844459,Bull,0.0015015368643945155,2.254612955135714e-06,True
2023-01-23,0.0017522768085177546,0.0003521919869938986,-0.0049637070781191886,0.005668091052106986,0.008525683042555326,Bull,0.0014000848215238561,1.960237507461488e-06,True
2023-01-24,0.012790509159204091,0.008426374994433551,0.0010457218653717954,0.01580702812349531,0.011837152747761228,Bull,0.00436413416477054,1.9045667008117455e-05,True
2023-01-25,-0.010045743291631841,-0.006275661391574026,-0.013142892960044604,0.0005915701768965526,0.011013722987489552,Bull,0.0037700819000578154,1.4213517533143547e-05,True
2023-01-26,-0.015002462057007044,-0.00580647124882492,-0.013600880728532593,0.001987938230882752,0.012500738617102113,Bull,0.009195990808182123,8.45662469441701e-05,False
2023-01-27,0.00019965450268644635,0.0016513480674486992,-0.004621157412693514,0.007923853547590912,0.010059896350805933,Normal,0.0014516935647622528,2.107414205972137e-06,True
2023-01-30,-0.01160633191758216,-0.010446124911031914,-0.0188523038635479,-0.0020399459585159294,0.013481899575274648,Normal,0.0011602070065502464,1.3460802980482834e-06,True
2023-01-31,-0.004281718594346466,-0.004325778845881913,-0.010114822074017323,0.0014632643822534968,0.00928451557830394,Bull,4.4060251535447265e-05,1.941305765366883e-09,True
2023-02-01,0.009167369158683271,0.006654912835205942,-4.801465784261619e-05,0.013357840328254501,0.010750210747604981,Bull,0.002512456323477329,6.312436777381216e-06,True
2023-02-02,0.015126751664878504,0.01889303897219038,0.011075380527901597,0.026710697416479166,0.012538025499463552,Bull,0.0037662873073118774,1.4184920081218552e-05,True
2023-02-03,-0.0024204434357103866,-0.0012270926942618125,-0.007915007347626249,0.005460821959102623,0.010726133030713117,Normal,0.0011933507414485741,1.4240859921158617e-06,True
2023-02-06,0.006311740342415051,0.00979700382415648,0.0036282353355749832,0.015965772312737977,0.009893522102724515,Bull,0.0034852634817414286,1.2147061537160385e-05,True
2023-02-07,0.0016394006137832378,-0.00027812011615348,-0.005572905150106799,0.005016664917799839,0.008491820184134972,Bull,0.0019175207299367179,3.6768857497370434e-06,True
2023-02-08,-0.018331167523007237,-0.014796869808134728,-0.024460961368807106,-0.00513277824746235,0.015499350256902172,Normal,0.003534297714872509,1.2491260337353039e-05,True
2023-02-09,-0.008058820038108958,0.0016929811267128393,-0.00604961879092325,0.00943558104434893,0.012417646011432687,Normal,0.009751801164821798,9.509762595821977e-05,False
2023-02-10,0.022432467044312697,0.015863478848433525,0.006679251460811969,0.02504770623605508,0.01472974011329381,Bull,0.006568988195879172,4.3151605917599895e-05,True
2023-02-13,-0.004285874538158874,-0.002851651371598572,-0.008641471988866915,0.0029381692456697706,0.009285762361447663,Bull,0.0014342231665603017,2.056996091498259e-06,True
2023-02-14,0.021029808884565553,0.017151899653136647,0.006983014340947429,0.027320784965325865,0.016308942665369665,Normal,0.003877909231428906,1.503818000720153e-05,True
2023-02-15,-0.0071056286813641414,-0.005820030184702211,-0.01338433110798553,0.0017442707385811069,0.012131688604409243,Normal,0.00128559849666193,1.6527634946194147e-06,True
2023-02-16,-0.009637835826577115,-0.005200359823503763,-0.013238322183485616,0.002837602536478089,0.012891350747973134,Normal,0.0044374760030733516,1.9691193277851848e-05,True
2023-02-17,-0.007472188122634173,-0.006802797023932059,-0.013188632810436366,-0.0004169612374277515,0.010241656436790252,Bull,0.0006693910987021143,4.480844430216237e-07,True
2023-02-20,0.017181788389578026,0.010771970922406133,0.001322876216426544,0.020221065628385722,0.015154536516873408,Normal,0.006409817467171893,4.10857599624619e-05,True
2023-02-21,-0.01947374164944463,-0.015099018314130488,-0.02497683382044689,-0.005221202807814084,0.01584212249483339,Normal,0.0043747233353141415,1.9138204260542086e-05,True
2023-02-22,-0.004273055015399615,-0.0017910468100878032,-0.007578469474416388,0.003996375854240781,0.009281916504619885,Bull,0.0024820082053118118,6.1603647312351605e-06,True
2023-02-23,0.00483477351942639,0.003840144836967664,-0.003299381785930661,0.010979671459865989,0.011450432055827917,Normal,0.0009946286824587254,9.8928621596958e-07,True
2023-02-24,0.001750956246302691,3.470471866734887e-05,-0.005280947328978301,0.005350356766312998,0.008525286873890807,Bull,0.0017162515276353421,2.9455193061106453e-06,True
2023-02-27,0.0019253016895289124,0.005165380477354205,-0.0014299155483007628,0.011760676503009172,0.010577590506858674,Normal,0.0032400787878252924,1.0498110551315417e-05,True
2023-02-28,-0.01390917095203925,-0.011048926267077538,-0.019885862256042323,-0.002211990278112754,0.014172751285611775,Normal,0.002860244684961712,8.180999657851724e-06,True
2023-03-01,0.014684914240815248,0.013869627765518996,0.004887585290552261,0.022851670240485733,0.014405474272244576,Normal,0.0008152864752962521,6.646920368009863e-07,True
2023-03-02,0.01918216618029008,0.01438219135262966,0.0058059482603947925,0.022958434444864527,0.013754649854087024,Bull,0.004799974827660418,2.303975834617366e-05,True
2023-03-03,-0.018051004762709388,-0.01355923948067386,-0.021923893428947065,-0.005194585532400658,0.013415301428812816,Bull,0.004491765282035527,2.0175955348899696e-05,True
2023-03-06,0.004545749304046883,0.007320812133971927,0.0014823807009553894,0.013159243566988464,0.009363724791214065,Bull,0.0027750628299250436,7.700973710031591e-06,True
2023-03-07,0.016712323746888497,0.015058043692740705,0.00694379642009571,0.0231722909653857,0.01301369712406655,Bull,0.0016542800541477914,2.73664249755122e-06,True
2023-03-08,0.012855914944734054,0.010224360456091309,0.0028314728625620294,0.017617248049620587,0.011856774483420216,Bull,0.0026315544886427455,6.9250790266957824e-06,True
2023-03-09,-0.016501127675314843,-0.012630017270728235,-0.021951791140246382,-0.0033082434012100866,0.014950338302594453,Normal,0.003871110404586608,1.4985495764498691e-05,True
2023-03-10,0.013588489186885173,0.013596234828822332,0.004819283895145405,0.022373185762499262,0.014076546756065553,Normal,7.745641937159653e-06,5.999496901868634e-11,True
2023-03-13,0.013364536988600894,0.01006501594196851,0.0025769881666851627,0.01755304371725186,0.012009361096580268,Bull,0.0032995210466323834,1.088683913717006e-05,True
2023-03-14,-0.002146748871416266,0.0003163028553254006,-0.006320415923015458,0.006953021633666259,0.01064402466142488,Normal,0.0024630517267416664,6.066623808605105e-06,True
2023-03-15,-0.007912285804772944,-0.008292696923550365,-0.0160078869132038,-0.0005775069338969313,0.012373685741431883,Normal,0.00038041111877742083,1.4471261928948897e-07,True
2023-03-16,0.0041785049651844805,0.006486422944775217,-0.0005303455116555901,0.013503191401206024,0.011253551489555345,Normal,0.0023079179795907363,5.326485400518186e-06,True
2023-03-17,-0.002075079603422683,-0.006212821526952703,-0.012836134226525816,0.00041049117262040996,0.010622523881026805,Normal,0.00413774192353002,1.7120908225737912e-05,True
2023-03-20,-0.010744566685984716,-0.007680965009215379,-0.015925946660607343,0.0005640166421765841,0.013223370005795414,Normal,0.0030636016767693367,9.385655233903892e-06,True
2023-03-21,0.0032237948977931067,0.003558007448607321,-0.0020331461009628128,0.009149160998177456,0.008967138469337933,Bull,0.0003342125508142145,1.1169802912174392e-07,True
2023-03-22,0.008577922976928385,0.007276283722044588,0.0006836149516421192,0.013868952492447056,0.010573376893078516,Bull,0.0013016392548837975,1.6942647498544476e-06,True
2023-03-23,0.006038464835776582,0.0051227074938319855,-0.0009949435064612409,0.011240358494125212,0.009811539450732975,Bull,0.0009157573419445965,8.386115093254325e-07,True
2023-03-24,0.016388648278730926,0.016948539497906746,0.008894837266990039,0.025002241728823454,0.012916594483619277,Bull,0.0005598912191758197,3.1347817731018577e-07,True
2023-03-27,-0.010629270560687321,-0.008716021109595266,-0.01569240423983128,-0.0017396379793592513,0.011188781168206197,Bull,0.0019132494510920549,3.6605234621040492e-06,True
2023-03-28,-7.205968295811841e-05,-0.0010253065944237786,-0.007273944854326106,0.0052233316654785485,0.010021617904887436,Normal,0.0009532469114656601,9.086796742188201e-07,True
2023-03-29,0.02350786512767467,0.0197437847695551,0.01035839903588313,0.02912917050322707,0.0150523595383024,Bull,0.0037640803581195682,1.4168300942381536e-05,True
2023-03-30,-0.00531367541183666,-0.002419478714523717,-0.008401554392515097,0.0035625969634676628,0.009594102623550997,Bull,0.0028941966973129426,8.376374522737144e-06,True
2023-03-31,0.004033250541509224,0.004543372111421066,-0.002446225811534663,0.011532970034376797,0.011209975162452767,Normal,0.0005101215699118422,2.6022401608932253e-07,True
2023-04-03,0.024097838959741207,0.02052015558960451,0.011024412433776354,0.030015898745432666,0.015229351687922362,Bull,0.0035776833701366972,1.2799818296952675e-05,True
2023-04-04,0.0007658456094861679,-0.0036799869355553074,-0.00881136933511011,0.0014513954639994954,0.00822975368284585,Bull,0.004445832545041476,1.9765427018549967e-05,True
2023-04-05,9.17963432264741e-05,0.0036077648761664327,-0.0013975333898427682,0.008613063142175633,0.008027538902967942,Bull,0.0035159685329399586,1.2362034724623965e-05,True
2023-04-06,0.0009151501996484015,-0.004243999596728086,-0.009403310132737137,0.0009153109392809645,0.008274545059894521,Bull,0.005159149796376487,2.661682662145155e-05,True
2023-04-07,-0.006883920862921858,-0.0014363825346863175,-0.008959211951971718,0.006086446882599083,0.012065176258876558,Normal,0.00544753832823554,2.9675673837595266e-05,True
2023-04-10,0.007861414008451995,0.004673417055135831,-0.0017852252916948138,0.011132059401966475,0.0103584242025356,Bull,0.003187996953316164,1.0163324574353145e-05,True
2023-04-11,-0.003997275915943782,-0.003783521514600826,-0.009519358381651088,0.0019523153524494356,0.009199182774783135,Bull,0.0002137544013429563,4.5690944093485634e-08,True
2023-04-12,-0.00984043416953833,-0.015891042806588995,-0.02396690215394061,-0.00781518345923738,0.0129521302508615,Normal,0.006050608637050665,3.66098648787521e-05,True
2023-04-13,0.010179049790484437,0.011560183728441373,0.004668016542879934,0.01845235091400281,0.011053714937145331,Bull,0.0013811339379569357,1.907530954576433e-06,True
2023-04-14,-0.015203482348528436,-0.008777538840615596,-0.0166095501256367,-0.0009455275555944921,0.01256104470455853,Bull,0.00642594350791284,4.129274996688718e-05,True
2023-04-17,-0.0007566266516194332,0.0027350163143073526,-0.0023946416351619685,0.007864674263776673,0.00822698799548583,Bull,0.0034916429659267857,1.2191570601506e-05,True
2023-04-18,0.002379742570323408,0.0026291010774394385,-0.0028041684542951736,0.00806237060917405,0.008713922771097022,Bull,0.00024935850711603046,6.217966507113541e-08,True
2023-04-19,0.006707190020818894,0.0038695928363304483,-0.002373146402696499,0.010112332075357396,0.010012157006245668,Bull,0.002837597184488446,8.051957781416757e-06,True
2023-04-20,0.019090831167002213,0.01088714238130263,0.0010809521089578944,0.020693332653647367,0.015727249350100662,Normal,0.008203688785699582,6.730050969261309e-05,True
2023-04-21,-0.003621918051049838,-0.0007004757302671948,-0.007613131946948972,0.0062121804864145825,0.011086575415314952,Normal,0.0029214423207826433,8.534825233659876e-06,True
2023-04-24,-0.00447253469093055,-0.0013119527747885744,-0.007136689064853805,0.004512783515276657,0.009341760407279165,Bull,0.0031605819161419756,9.989278048643682e-06,True
2023-04-25,0.01806314060911442,0.017280622889820747,0.0089136988735341,0.025647546906107394,0.013418942182734327,Bull,0.0007825177192936732,6.123339810085718e-07,True
2023-04-26,-0.02673541564426788,-0.020784944636936878,-0.03202109093531614,-0.009548798338557615,0.018020624693280363,Normal,0.005950471007331003,3.5408105209086835e-05,True
2023-04-27,0.01325669759601909,0.005438362689527044,-0.003276525042918018,0.014153250421972106,0.013977009278805727,Normal,0.007818334906492044,6.112636071007196e-05,True
2023-04-28,0.012008996806348409,0.011609103321013076,0.004374635808934145,0.01884357083309201,0.011602699041904523,Bull,0.0003998934853353328,1.5991479961364003e-07,True
2023-05-01,-0.011344179022624343,-0.006673184820323088,-0.013783294991741014,0.0004369253510948393,0.011403253706787303,Bull,0.004670994202301255,2.181818683793194e-05,True
2023-05-02,0.004137955620096784,0.005271280789008473,-0.0004908708883879336,0.01103343246640488,0.009241386686029035,Bull,0.0011333251689116886,1.2844259384887075e-06,True
2023-05-03,-0.01358089022446731,-0.01016416771408831,-0.01893969722556324,-0.0013886382026133785,0.014074267067340194,Normal,0.003416722510379,1.1673992712930576e-05,True
2023-05-04,-0.026431267334431584,-0.030152978697677472,-0.04133223260252612,-0.01897372479282882,0.017929380200329477,Normal,0.0037217113632458873,1.3851135471313561e-05,True
2023-05-05,-3.0700335526910334e-05,0.004477830158623713,-0.0017630716378687333,0.010718731955116158,0.010009210100658073,Normal,0.004508530494150623,2.0326847216686063e-05,True
2023-05-08,0.0050321717376282694,0.004273466836636665,-0.0016559522350365731,0.010202885908309905,0.00950965152128848,Bull,0.000758704900991604,5.756331267886797e-07,True
2023-05-09,-0.0018097946270602735,-0.005118097267420482,-0.011691787145544766,0.0014555926107038012,0.010542938388118083,Normal,0.0033083026403602084,1.0944866360214326e-05,True
2023-05-10,-0.0008433103082497028,0.0007373944772349046,-0.004408478064083821,0.005883267018553631,0.008252993092474912,Bull,0.0015807047854846075,2.498627618853939e-06,True
2023-05-11,-0.006112664522834397,-0.0017877842029244114,-0.009166346439383279,0.005590778033534455,0.01183379935685032,Normal,0.004324880319909985,1.8704589781544697e-05,True
2023-05-12,0.003740433954091792,0.00415309776592961,-0.0015346955858477123,0.009840891117706932,0.009122130186227538,Bull,0.00041266381183781807,1.702914216005181e-07,True
2023-05-15,0.013037996438020701,0.009566184112044584,0.002139237305836196,0.016993130918252972,0.01191139893140621,Bull,0.003471812325976117,1.2053480826799696e-05,True
2023-05-16,0.011216366678045488,0.008445549221031653,0.0013593469589154887,0.015531751483147817,0.011364910003413647,Bull,0.002770817457013835,7.677429380092614e-06,True
2023-05-17,0.006714353925087149,0.002888397737523446,-0.004602713374431683,0.010379508849478575,0.012014306177526145,Normal,0.0038259561875637034,1.4637940749156988e-05,True
2023-05-18,-0.012489121953462268,-0.009523838580175841,-0.018095147623841203,-0.000952529536510479,0.01374673658603868,Normal,0.002965283373286427,8.79290548388893e-06,True
2023-05-19,-0.029026912975662983,-0.024306600154565917,-0.03597138196968454,-0.012641818339447292,0.018708073892698893,Normal,0.004720312821097066,2.2281353129013345e-05,True
2023-05-22,-0.020179215364876463,-0.013873210609548513,-0.022635956512235947,-0.005110464706861079,0.014053764609462938,Bull,0.00630600475532795,3.9765695974218716e-05,True
2023-05-23,0.012583405616819325,0.008393241562045526,0.0010513281394160705,0.01573515498467498,0.011775021685045798,Bull,0.0041901640547738,1.755747480591841e-05,True
2023-05-24,0.008183034998784377,0.01024297085377747,0.0024771359346746954,0.01800880577288024,0.012454910499635314,Normal,0.0020599358549930925,4.243335726686123e-06,True
2023-05-25,0.01364793416989984,0.01183302933745181,0.004291990766308361,0.019374067908595256,0.012094380250969951,Bull,0.0018149048324480298,3.293879550843211e-06,True
2023-05-26,0.012176449523727945,0.00858276447037341,0.0013169741279948303,0.01584855481275199,0.011652934857118383,Bull,0.0035936850533545353,1.2914572262703789e-05,True
2023-05-29,0.002295706593789795,-0.0013528965284291309,-0.01113505813602392,0.008429265079165657,0.015688711978136937,Crisis,0.0036486031222189258,1.3312304743465694e-05,True
2023-05-30,0.003070196616737156,0.005644665219649382,8.224296191567011e-05,0.011207087477383094,0.008921058985021147,Bull,0.002574468602912226,6.627888587380829e-06,True
2023-05-31,-0.013103277351184894,-0.009429145950008776,-0.01811533569314274,-0.0007429562068748119,0.013930983205355468,Normal,0.0036741314011761173,1.349924155310838e-05,True
2023-06-01,0.013817636711617957,0.013158486049053748,0.004338671976795905,0.021978300121311592,0.014145291013485387,Normal,0.0006591506625642091,4.344795959588358e-07,True
2023-06-02,0.004725487920142947,0.007884574706382921,0.0007654904766217115,0.01500365893614413,0.011417646376042884,Normal,0.0031590867862399744,9.979829322996009e-06,True
2023-06-05,-0.06810825853296665,-0.05034820478137551,-0.07244091845547024,-0.028255491107280775,0.03543247755988999,Crisis,0.01776005375159114,0.00031541950925940656,True
2023-06-06,0.02904057545890534,0.02077957668806204,0.005994659664144822,0.035564493711979256,0.0237121726376716,Crisis,0.008260998770843301,6.824410069187454e-05,True
2023-06-07,0.0032546753703582313,0.005290639209573639,-0.00030629067983061094,0.010887569098977888,0.00897640261110747,Bull,0.0020359638392154072,4.145148754592741e-06,True
2023-06-08,0.03963242398675196,0.03992139169233947,0.023155218829824128,0.05668756455485481,0.026889727196025587,Crisis,0.0002889677055875131,8.350233487251165e-08,True
2023-06-09,-0.0062097841273408005,-0.002688938717277409,-0.008838635809032738,0.00346075837447792,0.00986293523820224,Bull,0.0035208454100633915,1.2396352401564452e-05,True
2023-06-12,-0.014603448200169915,-0.011462112269995434,-0.02042891613309459,-0.0024953084068962787,0.014381034460050974,Normal,0.003141335930174481,9.867991426205173e-06,True
2023-06-13,-0.004809163772749595,-0.013358346757798427,-0.02049308295530547,-0.006223610560291384,0.01144274913182488,Normal,0.008549182985048831,7.308852971184844e-05,False
2023-06-14,0.006382597518403522,0.0057794346851477415,-0.0016496198069448388,0.013208489177240322,0.011914779255521056,Normal,0.0006031628332557803,3.6380540342114026e-07,True
2023-06-15,0.023324444352926757,0.021204130100939574,0.010606022268508248,0.0318022379333709,0.016997333305878028,Normal,0.0021203142519871827,4.4957325271799665e-06,True
2023-06-16,0.031823051524237825,0.026115342936379172,0.015174561885835934,0.03705612398692241,0.01754691545727135,Bull,0.005707708587858653,3.257793732391542e-05,True
2023-06-19,0.002099354372389172,0.0010420568950429544,-0.005585796515966792,0.007669910306052701,0.010629806311716752,Normal,0.0010572974773462175,1.1178779556026753e-06,True
2023-06-20,-0.005883895228237688,-0.013438119848120426,-0.020773889695751217,-0.006102350000489637,0.011765168568471306,Normal,0.007554224619882738,5.70663096076425e-05,False
2023-06-21,-0.0033913089279431325,-0.010884466048098477,-0.017753985727245,-0.0040149463689519525,0.01101739267838294,Normal,0.007493157120155344,5.614740362733473e-05,False
2023-06-22,0.007085269242234913,0.003092070691858528,-0.0032213900706979316,0.009405531454414988,0.010125580772670475,Bull,0.003993198550376385,1.5945634662728063e-05,True
2023-06-23,-0.008023464552837548,-0.007625356109868162,-0.014114310784746908,-0.0011364014349894173,0.010407039365851264,Bull,0.00039810844296938545,1.5849033236350842e-07,True
2023-06-26,-0.0012615669090426996,-0.0005927697153804709,-0.005816879150870663,0.004631339720109721,0.00837847007271281,Bull,0.0006687971936622287,4.472896862504726e-07,True
2023-06-27,0.01664103705519179,0.011102709270123216,0.0017547646830927202,0.020450653857153712,0.014992311116557536,Normal,0.0055383277850685735,3.067307465486257e-05,True
2023-06-28,0.01266775711107842,0.02741175598149357,0.015689452802615314,0.039134059160371826,0.018800327133323524,Crisis,0.01474399887041515,0.0002173855026908032,False
2023-06-29,-0.0006352162223917635,0.002277187327888452,-0.004076792051542183,0.008631166707319086,0.010190564866717529,Normal,0.0029124035502802155,8.482094439684804e-06,True
2023-06-30,0.0036344278013261608,-3.3508589434789787e-07,-0.006915331311093922,0.006914661139305226,0.011090328340397849,Normal,0.0036347628872205086,1.3211501246315568e-05,True
2023-07-03,-0.008612905611532839,-0.012184889972768601,-0.02314871381850666,-0.0012210661270305404,0.017583871683459852,Crisis,0.003571984361235762,1.2759072276912854e-05,True
2023-07-04,-0.0006396606476442977,0.003892856732444614,-0.0024619539979497027,0.01024766746283893,0.01019189819429329,Normal,0.0045325173800889115,2.0543713800808052e-05,True
2023-07-05,-0.005550643847805678,-0.006952102167890791,-0.014225535753681549,0.0003213314178999666,0.011665193154341703,Normal,0.0014014583200851125,1.9640854229357857e-06,True
2023-07-06,-0.020720575981533356,-0.023908428951724306,-0.034019470772948895,-0.013797387130499715,0.016216172794460006,Normal,0.00318785297019095,1.0162406559555262e-05,True
2023-07-07,0.009904133606605716,0.007887758894294503,0.0010470160935326421,0.014728501695056365,0.010971240081981715,Bull,0.002016374712311213,4.065766980448127e-06,True
2023-07-10,0.019290952410746146,0.025033233893905524,0.012072030411350987,0.037994437376460063,0.020787285723223844,Crisis,0.005742281483159379,3.2973796631835074e-05,True
2023-07-11,-0.011147431051011375,-0.008178469564101586,-0.0196163884945494,0.0032594493663462287,0.018344229315303412,Crisis,0.0029689614869097894,8.814732310753588e-06,True
2023-07-12,0.0026236688707895264,0.0010234802202550174,-0.004455416890623647,0.006502377331133682,0.008787100661236858,Bull,0.001600188650534509,2.560603717299453e-06,True
2023-07-13,-0.009861960051945994,-0.0064183073919463,-0.014498193258378981,0.001661578474486381,0.012958588015583798,Normal,0.003443652659999694,1.1858743642722967e-05,True
2023-07-14,-0.00897372260261267,-0.01208094196790302,-0.01874764694806059,-0.005414236987745448,0.0106921167807838,Bull,0.0031072193652903497,9.654812184035364e-06,True
2023-07-17,-0.013719590696171916,-0.012103197151687024,-0.020904671248628652,-0.0033017230547453934,0.014115877208851574,Normal,0.001616393544484892,2.6127280906524322e-06,True
2023-07-18,0.02194901839786164,0.01569546491880385,0.005354637078327451,0.026036292759280252,0.016584705519358492,Normal,0.0062535534790577885,3.910693111543577e-05,True
2023-07-19,0.010337990932137463,0.008266452984201004,0.0013445550992186271,0.015188350869183381,0.01110139727964124,Bull,0.0020715379479364585,4.291269469740794e-06,True
2023-07-20,0.017750660819658357,0.017377559980840188,0.00906908680112622,0.025686033160554157,0.013325198245897507,Bull,0.0003731008388181689,1.3920423592682127e-07,True
2023-07-21,0.017889167344844872,0.010549773405274252,0.002215391918715802,0.0188841548918327,0.013366750203453463,Bull,0.007339393939570621,5.3866703400205956e-05,True
2023-07-24,0.0053897774431594025,0.007447576355015314,0.00020423359828067398,0.014690919111749953,0.01161693323294782,Normal,0.0020577989118559115,4.234536361635374e-06,True
2023-07-25,0.006762056183155906,0.008056030249812041,0.0005559962027276415,0.015556064296896441,0.012028616854946772,Normal,0.0012939740666561353,1.6743688851786165e-06,True
2023-07-26,0.002051470682597753,-0.0012379602808279056,-0.0078568568190384,0.0053809362573825886,0.010615441204779327,Normal,0.003289430963425659,1.0820356063143459e-05,True
2023-07-27,-0.043222287556396524,-0.038909474388467466,-0.05634714837172014,-0.021471800405214795,0.027966686266918957,Crisis,0.004312813167929058,1.8600357421462278e-05,True
2023-07-28,-0.00890692764853119,-0.006502714356086277,-0.01315692502116609,0.00015149630899353485,0.010672078294559358,Bull,0.0024042132924449134,5.780241555568811e-06,True
2023-07-31,0.00210571703508189,-0.00509254727386062,-0.014839170427381684,0.004654075879660443,0.015631715110524566,Crisis,0.00719826430894251,5.1815009061395586e-05,True
2023-08-01,0.012476091807699928,0.013470451982525078,0.006148612120268114,0.02079229184478204,0.011742827542309979,Bull,0.0009943601748251506,9.88752157278304e-07,True
